candidate_index,attempt_number,event_id,cycle_id,token,asset_key,quoted_profit_usd,starting_amount_usd,priority_fee_usd,total_network_fee_usd,slippage_bps,adverse_move_bps,execution_penalty_usd,missed,confirmed,realized_profit_usd
1,1,HISTORICAL:CYCLE-000006-20260730T214218000000:00000501,CYCLE-000006-20260730T214218000000,BOLT,SYMBOL:BOLT,0.025919000000000025,0.9999999999999999,0.0026999340223862168,0.0031999340223862168,13.041129650461961,2.793837439738472,0.0015834967090200432,False,True,0.021135569268593765
1,2,HISTORICAL:CYCLE-000006-20260730T214218000000:00000501,CYCLE-000006-20260730T214218000000,BOLT,SYMBOL:BOLT,0.025919000000000025,0.9999999999999999,0.001358288625452141,0.001858288625452141,7.9605132671343775,0.6282242493124568,0.0008588737516446832,False,True,0.0232018376229032
1,3,HISTORICAL:CYCLE-000006-20260730T214218000000:00000501,CYCLE-000006-20260730T214218000000,BOLT,SYMBOL:BOLT,0.025919000000000025,0.9999999999999999,0.0009032214935656909,0.001403221493565691,6.76257350355118,2.0021113380749234,0.0008764684841626101,False,True,0.023639310022271723
1,4,HISTORICAL:CYCLE-000006-20260730T214218000000:00000501,CYCLE-000006-20260730T214218000000,BOLT,SYMBOL:BOLT,0.025919000000000025,0.9999999999999999,0.004616784365026514,0.0051167843650265134,8.615892170599034,4.280859253739643,0.0012896751424338675,False,True,0.019512540492539643
1,5,HISTORICAL:CYCLE-000006-20260730T214218000000:00000501,CYCLE-000006-20260730T214218000000,BOLT,SYMBOL:BOLT,0.025919000000000025,0.9999999999999999,0.0002834686815393072,0.0007834686815393073,0.26314315449429804,2.794148102123514,0.00030572912566178114,False,True,0.024829802192798938
1,6,HISTORICAL:CYCLE-000006-20260730T214218000000:00000501,CYCLE-000006-20260730T214218000000,BOLT,SYMBOL:BOLT,0.025919000000000025,0.9999999999999999,0.001059844748863267,0.001559844748863267,13.359912869581818,2.91087058223407,0.0016270783451815885,False,True,0.02273207690595517
1,7,HISTORICAL:CYCLE-000006-20260730T214218000000:00000501,CYCLE-000006-20260730T214218000000,BOLT,SYMBOL:BOLT,0.025919000000000025,0.9999999999999999,0.004455021611202675,0.004955021611202676,5.217864334604637,2.664951599219645,0.0007882815933824281,False,True,0.02017569679541492
1,8,HISTORICAL:CYCLE-000006-20260730T214218000000:00000501,CYCLE-000006-20260730T214218000000,BOLT,SYMBOL:BOLT,0.025919000000000025,0.9999999999999999,0.003555932842776884,0.004055932842776884,5.2631574151732945,0.9410386923474223,0.0006204196107520716,False,True,0.02124264754647107
1,9,HISTORICAL:CYCLE-000006-20260730T214218000000:00000501,CYCLE-000006-20260730T214218000000,BOLT,SYMBOL:BOLT,0.025919000000000025,0.9999999999999999,0.002171484693491063,0.002671484693491063,3.349993208196458,2.3869277822316306,0.0005736920990428088,False,True,0.02267382320746615
1,10,HISTORICAL:CYCLE-000006-20260730T214218000000:00000501,CYCLE-000006-20260730T214218000000,BOLT,SYMBOL:BOLT,0.025919000000000025,0.9999999999999999,0.0018189623422031737,0.0023189623422031737,9.904335516464156,4.549606364666088,0.0014453941881130243,False,True,0.022154643469683828
1,11,HISTORICAL:CYCLE-000006-20260730T214218000000:00000501,CYCLE-000006-20260730T214218000000,BOLT,SYMBOL:BOLT,0.025919000000000025,0.9999999999999999,0.003326069137758665,0.003826069137758665,5.410300459928298,4.503861530671649,0.0009914161990599946,False,True,0.021101514663181366
1,12,HISTORICAL:CYCLE-000006-20260730T214218000000:00000501,CYCLE-000006-20260730T214218000000,BOLT,SYMBOL:BOLT,0.025919000000000025,0.9999999999999999,0.0012518661955003688,0.0017518661955003689,6.135174243162321,5.340528961245443,0.0011475703204407762,False,True,0.02301956348405888
1,13,HISTORICAL:CYCLE-000006-20260730T214218000000:00000501,CYCLE-000006-20260730T214218000000,BOLT,SYMBOL:BOLT,0.025919000000000025,0.9999999999999999,0.0002914488236761397,0.0007914488236761397,11.365473539863956,8.533914736104713,0.0019899388275968666,False,True,0.023137612348727018
1,14,HISTORICAL:CYCLE-000006-20260730T214218000000:00000501,CYCLE-000006-20260730T214218000000,BOLT,SYMBOL:BOLT,0.025919000000000025,0.9999999999999999,0.003776286763573283,0.004276286763573283,8.506621953061678,7.506048870881665,0.0016012670823943342,False,True,0.020041446154032406
1,15,HISTORICAL:CYCLE-000006-20260730T214218000000:00000501,CYCLE-000006-20260730T214218000000,BOLT,SYMBOL:BOLT,0.025919000000000025,0.9999999999999999,0.0006898984418340201,0.00118989844183402,11.942702003848986,0.7213024975430116,0.0012664004501391996,False,True,0.023462701108026805
1,16,HISTORICAL:CYCLE-000006-20260730T214218000000:00000501,CYCLE-000006-20260730T214218000000,BOLT,SYMBOL:BOLT,0.025919000000000025,0.9999999999999999,0.00043602265036289743,0.0009360226503628974,8.499193055155724,2.122324110577857,0.0010621517165733578,True,False,0.0
1,17,HISTORICAL:CYCLE-000006-20260730T214218000000:00000501,CYCLE-000006-20260730T214218000000,BOLT,SYMBOL:BOLT,0.025919000000000025,0.9999999999999999,0.0003284661177683187,0.0008284661177683187,2.2868954086653797,0.0885856111781902,0.00023754810198435696,False,True,0.02485298578024735
1,18,HISTORICAL:CYCLE-000006-20260730T214218000000:00000501,CYCLE-000006-20260730T214218000000,BOLT,SYMBOL:BOLT,0.025919000000000025,0.9999999999999999,0.0030948668645901472,0.0035948668645901473,12.06814023746172,3.1920004400495383,0.0015260140677511255,False,False,0.0
1,19,HISTORICAL:CYCLE-000006-20260730T214218000000:00000501,CYCLE-000006-20260730T214218000000,BOLT,SYMBOL:BOLT,0.025919000000000025,0.9999999999999999,0.0036026854108099455,0.004102685410809945,4.4783804031299255,7.50928031487825,0.0011987660718008174,False,True,0.020617548517389263
1,20,HISTORICAL:CYCLE-000006-20260730T214218000000:00000501,CYCLE-000006-20260730T214218000000,BOLT,SYMBOL:BOLT,0.025919000000000025,0.9999999999999999,0.0037937965585608763,0.004293796558560876,8.777172934049975,9.696176905087798,0.0018473349839137772,False,True,0.019777868457525372
1,21,HISTORICAL:CYCLE-000006-20260730T214218000000:00000501,CYCLE-000006-20260730T214218000000,BOLT,SYMBOL:BOLT,0.025919000000000025,0.9999999999999999,0.002608560946709859,0.003108560946709859,4.1335383279716655,4.756699840288262,0.0008890238168259925,True,False,0.0
1,22,HISTORICAL:CYCLE-000006-20260730T214218000000:00000501,CYCLE-000006-20260730T214218000000,BOLT,SYMBOL:BOLT,0.025919000000000025,0.9999999999999999,0.004828117166499222,0.005328117166499223,1.6679996749716834,5.037885593377698,0.0006705885268349382,False,True,0.019920294306665864
1,23,HISTORICAL:CYCLE-000006-20260730T214218000000:00000501,CYCLE-000006-20260730T214218000000,BOLT,SYMBOL:BOLT,0.025919000000000025,0.9999999999999999,0.004252737768545532,0.004752737768545533,7.914181574407944,8.115088118948368,0.0016029269693356308,False,True,0.019563335262118862
1,24,HISTORICAL:CYCLE-000006-20260730T214218000000:00000501,CYCLE-000006-20260730T214218000000,BOLT,SYMBOL:BOLT,0.025919000000000025,0.9999999999999999,0.002290093300105942,0.002790093300105942,1.324619136366606,4.336728248473467,0.0005661347384840072,False,True,0.02256277196141008
1,25,HISTORICAL:CYCLE-000006-20260730T214218000000:00000501,CYCLE-000006-20260730T214218000000,BOLT,SYMBOL:BOLT,0.025919000000000025,0.9999999999999999,0.002248758006716567,0.002748758006716567,4.99365089140795,7.3678274823325225,0.001236147837374047,True,False,0.0
1,26,HISTORICAL:CYCLE-000006-20260730T214218000000:00000501,CYCLE-000006-20260730T214218000000,BOLT,SYMBOL:BOLT,0.025919000000000025,0.9999999999999999,0.00035088813804289444,0.0008508881380428944,10.84492877439262,1.7693595400520234,0.0012614288314444643,False,True,0.023806683030512667
1,27,HISTORICAL:CYCLE-000006-20260730T214218000000:00000501,CYCLE-000006-20260730T214218000000,BOLT,SYMBOL:BOLT,0.025919000000000025,0.9999999999999999,0.0013280642288967326,0.0018280642288967326,3.751915772360715,3.4731263593209762,0.0007225042131681691,False,True,0.023368431557935124
1,28,HISTORICAL:CYCLE-000006-20260730T214218000000:00000501,CYCLE-000006-20260730T214218000000,BOLT,SYMBOL:BOLT,0.025919000000000025,0.9999999999999999,0.004827694477112233,0.0053276944771122325,10.495962703280787,3.8942849125011545,0.001439024761578194,False,True,0.0191522807613096
1,29,HISTORICAL:CYCLE-000006-20260730T214218000000:00000501,CYCLE-000006-20260730T214218000000,BOLT,SYMBOL:BOLT,0.025919000000000025,0.9999999999999999,0.0006405821400320808,0.0011405821400320808,0.24159227660109528,2.7334937968532493,0.0002975086073454344,False,True,0.024480909252622512
1,30,HISTORICAL:CYCLE-000006-20260730T214218000000:00000501,CYCLE-000006-20260730T214218000000,BOLT,SYMBOL:BOLT,0.025919000000000025,0.9999999999999999,0.002685891913732947,0.003185891913732947,10.953934021865297,8.146753876407027,0.0019100687898272323,False,True,0.020823039296439846
1,31,HISTORICAL:CYCLE-000006-20260730T214218000000:00000501,CYCLE-000006-20260730T214218000000,BOLT,SYMBOL:BOLT,0.025919000000000025,0.9999999999999999,0.003503515350094155,0.004003515350094155,2.2275790687657926,9.823184826732684,0.0012050763895498475,False,True,0.020710408260356025
1,32,HISTORICAL:CYCLE-000006-20260730T214218000000:00000501,CYCLE-000006-20260730T214218000000,BOLT,SYMBOL:BOLT,0.025919000000000025,0.9999999999999999,0.003839753087763233,0.0043397530877632325,14.609572139372176,0.4487832469200004,0.0015058355386292175,False,True,0.020073411373607575
1,33,HISTORICAL:CYCLE-000006-20260730T214218000000:00000501,CYCLE-000006-20260730T214218000000,BOLT,SYMBOL:BOLT,0.025919000000000025,0.9999999999999999,0.0020518172186790484,0.0025518172186790485,7.219192708695987,0.29721121384767235,0.0007516403922543658,True,False,0.0
1,34,HISTORICAL:CYCLE-000006-20260730T214218000000:00000501,CYCLE-000006-20260730T214218000000,BOLT,SYMBOL:BOLT,0.025919000000000025,0.9999999999999999,0.0008474268325425909,0.001347426832542591,2.3721069451889214,4.132467833358203,0.0006504574778547123,False,True,0.023921115689602725
1,35,HISTORICAL:CYCLE-000006-20260730T214218000000:00000501,CYCLE-000006-20260730T214218000000,BOLT,SYMBOL:BOLT,0.025919000000000025,0.9999999999999999,0.003217573457556893,0.003717573457556893,4.7855906312415355,0.1210413819769729,0.0004906632013218507,False,True,0.02171076334112128
1,36,HISTORICAL:CYCLE-000006-20260730T214218000000:00000501,CYCLE-000006-20260730T214218000000,BOLT,SYMBOL:BOLT,0.025919000000000025,0.9999999999999999,0.004603434218205346,0.005103434218205347,8.180556398148951,5.540810602261518,0.0013721367000410468,False,True,0.019443429081753633
1,37,HISTORICAL:CYCLE-000006-20260730T214218000000:00000501,CYCLE-000006-20260730T214218000000,BOLT,SYMBOL:BOLT,0.025919000000000025,0.9999999999999999,0.004194005606998051,0.004694005606998052,9.343715130321826,6.027565516114014,0.0015371280646435837,False,True,0.01968786632835839
1,38,HISTORICAL:CYCLE-000006-20260730T214218000000:00000501,CYCLE-000006-20260730T214218000000,BOLT,SYMBOL:BOLT,0.025919000000000025,0.9999999999999999,0.0037035248355491153,0.004203524835549115,8.862379854399515,5.236985109073863,0.0014099364963473375,False,True,0.02030553866810357
1,39,HISTORICAL:CYCLE-000006-20260730T214218000000:00000501,CYCLE-000006-20260730T214218000000,BOLT,SYMBOL:BOLT,0.025919000000000025,0.9999999999999999,0.0043797879492538695,0.00487978794925387,4.265114778782253,8.939724770385974,0.0013204839549168226,False,True,0.019718728095829332
1,40,HISTORICAL:CYCLE-000006-20260730T214218000000:00000501,CYCLE-000006-20260730T214218000000,BOLT,SYMBOL:BOLT,0.025919000000000025,0.9999999999999999,0.0006540287931064651,0.0011540287931064651,11.723827063060247,4.71234451721979,0.0016436171580280034,False,True,0.023121354048865558
1,41,HISTORICAL:CYCLE-000006-20260730T214218000000:00000501,CYCLE-000006-20260730T214218000000,BOLT,SYMBOL:BOLT,0.025919000000000025,0.9999999999999999,0.00020485881934818303,0.0007048588193481831,2.4720976254291434,0.5685307466042955,0.00030406283720334383,False,True,0.0249100783434485
1,42,HISTORICAL:CYCLE-000006-20260730T214218000000:00000501,CYCLE-000006-20260730T214218000000,BOLT,SYMBOL:BOLT,0.025919000000000025,0.9999999999999999,0.002925753031287546,0.003425753031287546,9.941600482074733,8.008978676923608,0.0017950579158998337,False,True,0.020698189052812645
1,43,HISTORICAL:CYCLE-000006-20260730T214218000000:00000501,CYCLE-000006-20260730T214218000000,BOLT,SYMBOL:BOLT,0.025919000000000025,0.9999999999999999,0.0002118598790002265,0.0007118598790002266,4.518561139829618,1.6099506552477827,0.00061285117950774,False,True,0.02459428894149206
1,44,HISTORICAL:CYCLE-000006-20260730T214218000000:00000501,CYCLE-000006-20260730T214218000000,BOLT,SYMBOL:BOLT,0.025919000000000025,0.9999999999999999,0.004589834408493565,0.005089834408493565,3.7588810389783105,0.009600320099523163,0.00037684813590778334,False,True,0.020452317455598674
1,45,HISTORICAL:CYCLE-000006-20260730T214218000000:00000501,CYCLE-000006-20260730T214218000000,BOLT,SYMBOL:BOLT,0.025919000000000025,0.9999999999999999,0.004824229698726274,0.0053242296987262745,7.8965822146040745,5.907694453814447,0.0013804276668418517,False,True,0.019214342634431898
1,46,HISTORICAL:CYCLE-000006-20260730T214218000000:00000501,CYCLE-000006-20260730T214218000000,BOLT,SYMBOL:BOLT,0.025919000000000025,0.9999999999999999,0.0024963618128876807,0.0029963618128876807,12.15027213965897,0.8937842057635537,0.001304405634542252,False,True,0.02161823255257009
1,47,HISTORICAL:CYCLE-000006-20260730T214218000000:00000501,CYCLE-000006-20260730T214218000000,BOLT,SYMBOL:BOLT,0.025919000000000025,0.9999999999999999,0.003592432609396956,0.0040924326093969565,13.191605278857132,1.2662828997599607,0.001445788817861709,False,True,0.02038077857274136
1,48,HISTORICAL:CYCLE-000006-20260730T214218000000:00000501,CYCLE-000006-20260730T214218000000,BOLT,SYMBOL:BOLT,0.025919000000000025,0.9999999999999999,0.0019585944937733075,0.0024585944937733075,3.628394304090552,2.3944797380277896,0.0006022874042118341,False,True,0.022858118102014883
1,49,HISTORICAL:CYCLE-000006-20260730T214218000000:00000501,CYCLE-000006-20260730T214218000000,BOLT,SYMBOL:BOLT,0.025919000000000025,0.9999999999999999,0.0038711707593756645,0.0043711707593756645,5.421262380979006,5.376093848767808,0.0010797356229746812,False,False,0.0
1,50,HISTORICAL:CYCLE-000006-20260730T214218000000:00000501,CYCLE-000006-20260730T214218000000,BOLT,SYMBOL:BOLT,0.025919000000000025,0.9999999999999999,0.000740430254627936,0.001240430254627936,10.941747305643636,7.7917743294551345,0.0018733521635098769,False,True,0.02280521758186221
1,51,HISTORICAL:CYCLE-000006-20260730T214218000000:00000501,CYCLE-000006-20260730T214218000000,BOLT,SYMBOL:BOLT,0.025919000000000025,0.9999999999999999,0.0037416824700980227,0.004241682470098023,4.026329826958071,8.69639769299651,0.001272272751995458,False,True,0.020405044777906545
1,52,HISTORICAL:CYCLE-000006-20260730T214218000000:00000501,CYCLE-000006-20260730T214218000000,BOLT,SYMBOL:BOLT,0.025919000000000025,0.9999999999999999,0.0005127031291657634,0.0010127031291657634,11.9153576855907,1.2340048978648666,0.0013149362583455564,False,True,0.023591360612488704
1,53,HISTORICAL:CYCLE-000006-20260730T214218000000:00000501,CYCLE-000006-20260730T214218000000,BOLT,SYMBOL:BOLT,0.025919000000000025,0.9999999999999999,0.0006664704726239752,0.0011664704726239753,14.93349264569887,8.524728508544419,0.0023458221154243285,False,True,0.022406707411951724
1,54,HISTORICAL:CYCLE-000006-20260730T214218000000:00000501,CYCLE-000006-20260730T214218000000,BOLT,SYMBOL:BOLT,0.025919000000000025,0.9999999999999999,0.004566866088321224,0.005066866088321223,10.224193543844775,9.99671581020689,0.002022090935405166,False,True,0.018830042976273637
1,55,HISTORICAL:CYCLE-000006-20260730T214218000000:00000501,CYCLE-000006-20260730T214218000000,BOLT,SYMBOL:BOLT,0.025919000000000025,0.9999999999999999,0.001406401432766563,0.001906401432766563,7.48638146575725,5.612624187264639,0.0013099005653021887,False,True,0.02270269800193127
1,56,HISTORICAL:CYCLE-000006-20260730T214218000000:00000501,CYCLE-000006-20260730T214218000000,BOLT,SYMBOL:BOLT,0.025919000000000025,0.9999999999999999,0.004470299620296483,0.0049702996202964835,1.083217754714369,6.913803508561803,0.0007997021263276172,False,True,0.020148998253375922
1,57,HISTORICAL:CYCLE-000006-20260730T214218000000:00000501,CYCLE-000006-20260730T214218000000,BOLT,SYMBOL:BOLT,0.025919000000000025,0.9999999999999999,0.003778272870591612,0.004278272870591612,5.9629937960608785,6.433980613880102,0.001239697440994098,False,True,0.020401029688414316
1,58,HISTORICAL:CYCLE-000006-20260730T214218000000:00000501,CYCLE-000006-20260730T214218000000,BOLT,SYMBOL:BOLT,0.025919000000000025,0.9999999999999999,0.002776873245440346,0.003276873245440346,14.91760783771848,1.1416815999840035,0.0016059289437702479,False,True,0.02103619781078943
1,59,HISTORICAL:CYCLE-000006-20260730T214218000000:00000501,CYCLE-000006-20260730T214218000000,BOLT,SYMBOL:BOLT,0.025919000000000025,0.9999999999999999,0.002236769978542802,0.002736769978542802,14.898114712906214,4.581702787080873,0.0019479817499987082,False,True,0.021234248271458516
1,60,HISTORICAL:CYCLE-000006-20260730T214218000000:00000501,CYCLE-000006-20260730T214218000000,BOLT,SYMBOL:BOLT,0.025919000000000025,0.9999999999999999,0.0032120112517744588,0.003712011251774459,11.30136274070356,6.557379826862951,0.0017858742567566505,False,True,0.020421114491468915
1,61,HISTORICAL:CYCLE-000006-20260730T214218000000:00000501,CYCLE-000006-20260730T214218000000,BOLT,SYMBOL:BOLT,0.025919000000000025,0.9999999999999999,0.0007092014901631534,0.0012092014901631534,0.27560216390765835,6.560625584316223,0.000683622774822388,False,True,0.024026175735014484
1,62,HISTORICAL:CYCLE-000006-20260730T214218000000:00000501,CYCLE-000006-20260730T214218000000,BOLT,SYMBOL:BOLT,0.025919000000000025,0.9999999999999999,0.002620415758678737,0.003120415758678737,6.091105396491182,8.73763109737315,0.001482873649386433,False,True,0.021315710591934857
1,63,HISTORICAL:CYCLE-000006-20260730T214218000000:00000501,CYCLE-000006-20260730T214218000000,BOLT,SYMBOL:BOLT,0.025919000000000025,0.9999999999999999,0.0011015613893871714,0.0016015613893871714,5.526489394093261,2.5777473000107,0.0008104236694103958,False,True,0.02350701494120246
1,64,HISTORICAL:CYCLE-000006-20260730T214218000000:00000501,CYCLE-000006-20260730T214218000000,BOLT,SYMBOL:BOLT,0.025919000000000025,0.9999999999999999,0.00035625701951812856,0.0008562570195181286,8.830040545972402,8.908547035032617,0.0017738587581005018,False,True,0.023288884222381394
1,65,HISTORICAL:CYCLE-000006-20260730T214218000000:00000501,CYCLE-000006-20260730T214218000000,BOLT,SYMBOL:BOLT,0.025919000000000025,0.9999999999999999,0.0006988874646043778,0.0011988874646043778,4.305426181097183,9.517582679832365,0.0013823008860929546,False,True,0.02333781164930269
1,66,HISTORICAL:CYCLE-000006-20260730T214218000000:00000501,CYCLE-000006-20260730T214218000000,BOLT,SYMBOL:BOLT,0.025919000000000025,0.9999999999999999,0.0029965141926807043,0.0034965141926807043,12.126397023472395,2.112325065371773,0.0014238722088844166,False,True,0.020998613598434905
1,67,HISTORICAL:CYCLE-000006-20260730T214218000000:00000501,CYCLE-000006-20260730T214218000000,BOLT,SYMBOL:BOLT,0.025919000000000025,0.9999999999999999,0.0017154138426817473,0.0022154138426817476,4.927921542327043,8.164738080109581,0.0013092659622436623,False,True,0.022394320195074615
1,68,HISTORICAL:CYCLE-000006-20260730T214218000000:00000501,CYCLE-000006-20260730T214218000000,BOLT,SYMBOL:BOLT,0.025919000000000025,0.9999999999999999,0.004957679787017568,0.0054576797870175674,0.0005822529762367079,7.664745193044752,0.0007665327446020987,False,True,0.019694787468380357
1,69,HISTORICAL:CYCLE-000006-20260730T214218000000:00000501,CYCLE-000006-20260730T214218000000,BOLT,SYMBOL:BOLT,0.025919000000000025,0.9999999999999999,0.002976178413260662,0.003476178413260662,5.6200382240606555,4.662704354389863,0.0010282742578450518,False,True,0.021414547328894314
1,70,HISTORICAL:CYCLE-000006-20260730T214218000000:00000501,CYCLE-000006-20260730T214218000000,BOLT,SYMBOL:BOLT,0.025919000000000025,0.9999999999999999,0.0017193295504111478,0.002219329550411148,0.936541564486999,5.287225323540388,0.0006223766888027385,False,True,0.02307729376078614
1,71,HISTORICAL:CYCLE-000006-20260730T214218000000:00000501,CYCLE-000006-20260730T214218000000,BOLT,SYMBOL:BOLT,0.025919000000000025,0.9999999999999999,0.0042051113685376475,0.004705111368537648,14.054594977734697,9.064192914759744,0.0023118787892494434,True,False,0.0
1,72,HISTORICAL:CYCLE-000006-20260730T214218000000:00000501,CYCLE-000006-20260730T214218000000,BOLT,SYMBOL:BOLT,0.025919000000000025,0.9999999999999999,0.004068542915323356,0.004568542915323355,7.1967828268497165,6.290411467632157,0.0013487194294481873,False,True,0.020001737655228485
1,73,HISTORICAL:CYCLE-000006-20260730T214218000000:00000501,CYCLE-000006-20260730T214218000000,BOLT,SYMBOL:BOLT,0.025919000000000025,0.9999999999999999,0.003931955598826925,0.004431955598826925,8.056774427243978,8.274754821931117,0.001633152924917509,True,False,0.0
1,74,HISTORICAL:CYCLE-000006-20260730T214218000000:00000501,CYCLE-000006-20260730T214218000000,BOLT,SYMBOL:BOLT,0.025919000000000025,0.9999999999999999,0.004898501869018624,0.005398501869018624,3.926938138775251,8.337577866913259,0.0012264516005688509,False,True,0.01929404653041255
1,75,HISTORICAL:CYCLE-000006-20260730T214218000000:00000501,CYCLE-000006-20260730T214218000000,BOLT,SYMBOL:BOLT,0.025919000000000025,0.9999999999999999,0.004627598976205371,0.005127598976205371,9.224841740336336,8.648413868484706,0.0017873255608821038,False,True,0.01900407546291255
1,76,HISTORICAL:CYCLE-000006-20260730T214218000000:00000501,CYCLE-000006-20260730T214218000000,BOLT,SYMBOL:BOLT,0.025919000000000025,0.9999999999999999,0.002073517472497739,0.002573517472497739,9.86457133583335,5.670068080608521,0.001553463941644187,False,True,0.021792018585858098
1,77,HISTORICAL:CYCLE-000006-20260730T214218000000:00000501,CYCLE-000006-20260730T214218000000,BOLT,SYMBOL:BOLT,0.025919000000000025,0.9999999999999999,0.0034395419817767627,0.003939541981776763,8.047340575495294,6.22843363652799,0.0014275774212023282,False,True,0.020551880597020934
1,78,HISTORICAL:CYCLE-000006-20260730T214218000000:00000501,CYCLE-000006-20260730T214218000000,BOLT,SYMBOL:BOLT,0.025919000000000025,0.9999999999999999,0.003217885219806181,0.003717885219806181,11.670783556381206,7.9030355273221975,0.00195738190837034,False,True,0.020243732871823503
1,79,HISTORICAL:CYCLE-000006-20260730T214218000000:00000501,CYCLE-000006-20260730T214218000000,BOLT,SYMBOL:BOLT,0.025919000000000025,0.9999999999999999,0.002672356183585486,0.003172356183585486,13.05681231831753,9.672408042945964,0.002272922036126349,False,True,0.020473721780288192
1,80,HISTORICAL:CYCLE-000006-20260730T214218000000:00000501,CYCLE-000006-20260730T214218000000,BOLT,SYMBOL:BOLT,0.025919000000000025,0.9999999999999999,0.004344148331397161,0.004844148331397161,2.333049085325875,7.090476260622557,0.000942352534594843,False,True,0.02013249913400802
1,81,HISTORICAL:CYCLE-000006-20260730T214218000000:00000501,CYCLE-000006-20260730T214218000000,BOLT,SYMBOL:BOLT,0.025919000000000025,0.9999999999999999,0.001518777721683468,0.002018777721683468,11.44988253430118,7.5431554599994115,0.001899303799430059,False,True,0.022000918478886498
1,82,HISTORICAL:CYCLE-000006-20260730T214218000000:00000501,CYCLE-000006-20260730T214218000000,BOLT,SYMBOL:BOLT,0.025919000000000025,0.9999999999999999,0.0029102368811066465,0.0034102368811066465,8.832695054441853,7.098341567794376,0.0015931036622236227,False,True,0.020915659456669757
1,83,HISTORICAL:CYCLE-000006-20260730T214218000000:00000501,CYCLE-000006-20260730T214218000000,BOLT,SYMBOL:BOLT,0.025919000000000025,0.9999999999999999,0.004092559085967347,0.004592559085967347,0.5243926129819526,0.9325500339974324,0.00014569426469793846,False,True,0.02118074664933474
1,84,HISTORICAL:CYCLE-000006-20260730T214218000000:00000501,CYCLE-000006-20260730T214218000000,BOLT,SYMBOL:BOLT,0.025919000000000025,0.9999999999999999,0.0016090568615155243,0.0021090568615155245,8.050247868141653,7.082987448433583,0.0015133235316575234,False,True,0.022296619606826978
1,85,HISTORICAL:CYCLE-000006-20260730T214218000000:00000501,CYCLE-000006-20260730T214218000000,BOLT,SYMBOL:BOLT,0.025919000000000025,0.9999999999999999,0.004630460337864424,0.005130460337864424,6.115922604554763,8.525323177682989,0.0014641245782237749,False,True,0.019324415083911826
1,86,HISTORICAL:CYCLE-000006-20260730T214218000000:00000501,CYCLE-000006-20260730T214218000000,BOLT,SYMBOL:BOLT,0.025919000000000025,0.9999999999999999,0.002806351372634574,0.003306351372634574,11.128921668393591,1.8339361047306524,0.0012962857773124242,False,True,0.021316362850053026
1,87,HISTORICAL:CYCLE-000006-20260730T214218000000:00000501,CYCLE-000006-20260730T214218000000,BOLT,SYMBOL:BOLT,0.025919000000000025,0.9999999999999999,0.0033718340632404686,0.0038718340632404686,11.671157449599228,8.793308396635588,0.002046446584623481,False,True,0.020000719352136074
1,88,HISTORICAL:CYCLE-000006-20260730T214218000000:00000501,CYCLE-000006-20260730T214218000000,BOLT,SYMBOL:BOLT,0.025919000000000025,0.9999999999999999,0.004958074135345194,0.005458074135345194,2.3666152761233294,3.6159722750176018,0.000598258755114093,False,True,0.019862667109540738
1,89,HISTORICAL:CYCLE-000006-20260730T214218000000:00000501,CYCLE-000006-20260730T214218000000,BOLT,SYMBOL:BOLT,0.025919000000000025,0.9999999999999999,0.00242106608907902,0.00292106608907902,4.009511683153058,6.7262761981887484,0.0010735787881341805,False,True,0.021924355122786822
1,90,HISTORICAL:CYCLE-000006-20260730T214218000000:00000501,CYCLE-000006-20260730T214218000000,BOLT,SYMBOL:BOLT,0.025919000000000025,0.9999999999999999,0.0008686002397846297,0.0013686002397846299,7.5532442433531415,8.820266101948928,0.0016373510345302066,False,True,0.022913048725685187
1,91,HISTORICAL:CYCLE-000006-20260730T214218000000:00000501,CYCLE-000006-20260730T214218000000,BOLT,SYMBOL:BOLT,0.025919000000000025,0.9999999999999999,0.0012256027852874211,0.0017256027852874212,4.3229960361213315,1.7857008000769103,0.000610869683619824,True,False,0.0
1,92,HISTORICAL:CYCLE-000006-20260730T214218000000:00000501,CYCLE-000006-20260730T214218000000,BOLT,SYMBOL:BOLT,0.025919000000000025,0.9999999999999999,0.0013397522960813982,0.0018397522960813982,11.111506426246198,2.702035792598961,0.0013813542218845158,False,True,0.02269789348203411
1,93,HISTORICAL:CYCLE-000006-20260730T214218000000:00000501,CYCLE-000006-20260730T214218000000,BOLT,SYMBOL:BOLT,0.025919000000000025,0.9999999999999999,0.0023972228197360617,0.0028972228197360617,1.6203067244609315,5.547401033398326,0.0007167707757859257,False,True,0.022305006404478037
1,94,HISTORICAL:CYCLE-000006-20260730T214218000000:00000501,CYCLE-000006-20260730T214218000000,BOLT,SYMBOL:BOLT,0.025919000000000025,0.9999999999999999,0.0025444093754685743,0.0030444093754685743,0.2745978854881914,6.343102340400546,0.0006617700225888736,False,True,0.022212820601942577
1,95,HISTORICAL:CYCLE-000006-20260730T214218000000:00000501,CYCLE-000006-20260730T214218000000,BOLT,SYMBOL:BOLT,0.025919000000000025,0.9999999999999999,0.004560644694891267,0.005060644694891267,3.4359030026632236,6.092917157950783,0.0009528820160614005,False,True,0.01990547328904736
1,96,HISTORICAL:CYCLE-000006-20260730T214218000000:00000501,CYCLE-000006-20260730T214218000000,BOLT,SYMBOL:BOLT,0.025919000000000025,0.9999999999999999,0.003620338940446611,0.004120338940446611,1.4082001100154062,4.689201172043215,0.000609740128205862,False,True,0.02118892093134755
1,97,HISTORICAL:CYCLE-000006-20260730T214218000000:00000501,CYCLE-000006-20260730T214218000000,BOLT,SYMBOL:BOLT,0.025919000000000025,0.9999999999999999,0.004128164882271869,0.004628164882271869,6.329673381123862,5.159816765339132,0.0011489490146462994,False,True,0.020141886103081857
1,98,HISTORICAL:CYCLE-000006-20260730T214218000000:00000501,CYCLE-000006-20260730T214218000000,BOLT,SYMBOL:BOLT,0.025919000000000025,0.9999999999999999,0.003835853331845086,0.004335853331845086,11.354792856054361,2.7969700242975515,0.0014151762880351912,False,True,0.02016797038011975
1,99,HISTORICAL:CYCLE-000006-20260730T214218000000:00000501,CYCLE-000006-20260730T214218000000,BOLT,SYMBOL:BOLT,0.025919000000000025,0.9999999999999999,0.00054686638307242,0.0010468663830724202,12.559850038710998,7.947621620218509,0.0020507471658929503,False,True,0.022821386451034653
1,100,HISTORICAL:CYCLE-000006-20260730T214218000000:00000501,CYCLE-000006-20260730T214218000000,BOLT,SYMBOL:BOLT,0.025919000000000025,0.9999999999999999,0.003455253163750287,0.0039552531637502865,1.143012160072756,6.393136825164769,0.0007536148985237524,False,True,0.021210131937725987
1,101,HISTORICAL:CYCLE-000006-20260730T214218000000:00000501,CYCLE-000006-20260730T214218000000,BOLT,SYMBOL:BOLT,0.025919000000000025,0.9999999999999999,0.0021152387775592576,0.0026152387775592576,1.8603141043131177,8.659860888391869,0.0010520174992704984,False,True,0.022251743723170268
1,102,HISTORICAL:CYCLE-000006-20260730T214218000000:00000501,CYCLE-000006-20260730T214218000000,BOLT,SYMBOL:BOLT,0.025919000000000025,0.9999999999999999,0.0026370870715900813,0.0031370870715900813,8.93122458561437,0.24761033826093404,0.0009178834923875301,False,True,0.021864029436022413
1,103,HISTORICAL:CYCLE-000006-20260730T214218000000:00000501,CYCLE-000006-20260730T214218000000,BOLT,SYMBOL:BOLT,0.025919000000000025,0.9999999999999999,0.00021853885380614173,0.0007185388538061418,3.079446252263987,2.1726824030051937,0.0005252128655269179,False,True,0.024675248280666966
1,104,HISTORICAL:CYCLE-000006-20260730T214218000000:00000501,CYCLE-000006-20260730T214218000000,BOLT,SYMBOL:BOLT,0.025919000000000025,0.9999999999999999,0.003867269950032931,0.004367269950032931,7.666233520933858,5.6179764477304435,0.00132842099686643,False,True,0.020223309053100665
1,105,HISTORICAL:CYCLE-000006-20260730T214218000000:00000501,CYCLE-000006-20260730T214218000000,BOLT,SYMBOL:BOLT,0.025919000000000025,0.9999999999999999,0.003936753928728883,0.004436753928728884,11.533721254889018,6.380666513730922,0.0017914387768619936,False,True,0.019690807294409148
1,106,HISTORICAL:CYCLE-000006-20260730T214218000000:00000501,CYCLE-000006-20260730T214218000000,BOLT,SYMBOL:BOLT,0.025919000000000025,0.9999999999999999,0.0032244407455752667,0.0037244407455752668,12.554816225616973,9.185416779746792,0.002174023300536376,False,True,0.020020535953888384
1,107,HISTORICAL:CYCLE-000006-20260730T214218000000:00000501,CYCLE-000006-20260730T214218000000,BOLT,SYMBOL:BOLT,0.025919000000000025,0.9999999999999999,0.0014161706471089055,0.0019161706471089055,0.4402856173770109,4.295921310320975,0.0004736206927697985,False,True,0.02352920866012132
1,108,HISTORICAL:CYCLE-000006-20260730T214218000000:00000501,CYCLE-000006-20260730T214218000000,BOLT,SYMBOL:BOLT,0.025919000000000025,0.9999999999999999,0.0012474485493650547,0.0017474485493650547,5.9447129712291185,0.18034560274826972,0.0006125058573977388,False,True,0.02355904559323723
1,109,HISTORICAL:CYCLE-000006-20260730T214218000000:00000501,CYCLE-000006-20260730T214218000000,BOLT,SYMBOL:BOLT,0.025919000000000025,0.9999999999999999,0.0015131796084752087,0.002013179608475209,2.400299444453405,3.086959532125105,0.000548725897657851,False,True,0.023357094493866967
1,110,HISTORICAL:CYCLE-000006-20260730T214218000000:00000501,CYCLE-000006-20260730T214218000000,BOLT,SYMBOL:BOLT,0.025919000000000025,0.9999999999999999,0.00042001776460038253,0.0009200177646003825,5.5174892310614805,3.72462874012063,0.0009242117971182109,False,True,0.024074770438281434
1,111,HISTORICAL:CYCLE-000006-20260730T214218000000:00000501,CYCLE-000006-20260730T214218000000,BOLT,SYMBOL:BOLT,0.025919000000000025,0.9999999999999999,0.004576592047973744,0.005076592047973744,2.5530824640358203,5.936880062491402,0.0008489962526527221,False,True,0.019993411699373558
1,112,HISTORICAL:CYCLE-000006-20260730T214218000000:00000501,CYCLE-000006-20260730T214218000000,BOLT,SYMBOL:BOLT,0.025919000000000025,0.9999999999999999,0.0037070981132382125,0.0042070981132382125,6.0783489929757915,7.343374532665889,0.001342172352564168,False,True,0.020369729534197644
1,113,HISTORICAL:CYCLE-000006-20260730T214218000000:00000501,CYCLE-000006-20260730T214218000000,BOLT,SYMBOL:BOLT,0.025919000000000025,0.9999999999999999,0.0022271478113656032,0.0027271478113656033,2.3951984934399024,0.47201673844688874,0.0002867215231886791,False,True,0.022905130665445743
1,114,HISTORICAL:CYCLE-000006-20260730T214218000000:00000501,CYCLE-000006-20260730T214218000000,BOLT,SYMBOL:BOLT,0.025919000000000025,0.9999999999999999,0.004742700457566519,0.005242700457566519,7.034008786768716,5.873833196795305,0.001290784198356402,True,False,0.0
1,115,HISTORICAL:CYCLE-000006-20260730T214218000000:00000501,CYCLE-000006-20260730T214218000000,BOLT,SYMBOL:BOLT,0.025919000000000025,0.9999999999999999,0.002965339746443356,0.003465339746443356,7.456172676644287,0.7147735131801858,0.0008170946189824472,False,True,0.021636565634574223
1,116,HISTORICAL:CYCLE-000006-20260730T214218000000:00000501,CYCLE-000006-20260730T214218000000,BOLT,SYMBOL:BOLT,0.025919000000000025,0.9999999999999999,0.003337634879290555,0.0038376348792905552,4.530403589522242,4.33146873957583,0.0008861872329098072,False,True,0.021195177887799663
1,117,HISTORICAL:CYCLE-000006-20260730T214218000000:00000501,CYCLE-000006-20260730T214218000000,BOLT,SYMBOL:BOLT,0.025919000000000025,0.9999999999999999,0.00024067387891856207,0.0007406738789185621,9.784112151137933,2.2470919416483968,0.0012031204092786327,False,True,0.023975205711802828
1,118,HISTORICAL:CYCLE-000006-20260730T214218000000:00000501,CYCLE-000006-20260730T214218000000,BOLT,SYMBOL:BOLT,0.025919000000000025,0.9999999999999999,0.004898660377281938,0.005398660377281938,4.451901334952257,7.201425507184631,0.0011653326842136886,False,True,0.0193550069385044
1,119,HISTORICAL:CYCLE-000006-20260730T214218000000:00000501,CYCLE-000006-20260730T214218000000,BOLT,SYMBOL:BOLT,0.025919000000000025,0.9999999999999999,0.004992345027782701,0.005492345027782701,12.684868379149284,1.878372420976212,0.0014563240800125495,False,True,0.018970330892204772
1,120,HISTORICAL:CYCLE-000006-20260730T214218000000:00000501,CYCLE-000006-20260730T214218000000,BOLT,SYMBOL:BOLT,0.025919000000000025,0.9999999999999999,0.0013385124399830576,0.0018385124399830576,12.128299545341655,0.5097063607430896,0.0012638005906084743,False,True,0.022816686969408494
1,121,HISTORICAL:CYCLE-000006-20260730T214218000000:00000501,CYCLE-000006-20260730T214218000000,BOLT,SYMBOL:BOLT,0.025919000000000025,0.9999999999999999,0.0032410881637933626,0.0037410881637933626,5.445232566032225,9.306007943343232,0.0014751240509375454,False,True,0.020702787785269114
1,122,HISTORICAL:CYCLE-000006-20260730T214218000000:00000501,CYCLE-000006-20260730T214218000000,BOLT,SYMBOL:BOLT,0.025919000000000025,0.9999999999999999,0.003879622342954516,0.004379622342954516,4.710671342007474,8.030568741104336,0.001274124008311181,False,True,0.02026525364873433
1,123,HISTORICAL:CYCLE-000006-20260730T214218000000:00000501,CYCLE-000006-20260730T214218000000,BOLT,SYMBOL:BOLT,0.025919000000000025,0.9999999999999999,0.004443359102081751,0.004943359102081751,11.30465423391364,8.602745214584173,0.001990739944849781,False,True,0.018984900953068495
1,124,HISTORICAL:CYCLE-000006-20260730T214218000000:00000501,CYCLE-000006-20260730T214218000000,BOLT,SYMBOL:BOLT,0.025919000000000025,0.9999999999999999,0.0009698036804986928,0.0014698036804986928,3.387961391542013,9.985712283983506,0.0013373673675525519,True,False,0.0
1,125,HISTORICAL:CYCLE-000006-20260730T214218000000:00000501,CYCLE-000006-20260730T214218000000,BOLT,SYMBOL:BOLT,0.025919000000000025,0.9999999999999999,0.0011527429095529737,0.0016527429095529737,11.25722301112942,9.681823662268961,0.0020939046673398376,False,True,0.022172352423107215
1,126,HISTORICAL:CYCLE-000006-20260730T214218000000:00000501,CYCLE-000006-20260730T214218000000,BOLT,SYMBOL:BOLT,0.025919000000000025,0.9999999999999999,0.0008558935756301832,0.0013558935756301832,2.6948884690386183,4.006590919339315,0.0006701479388377933,False,True,0.02389295848553205
1,127,HISTORICAL:CYCLE-000006-20260730T214218000000:00000501,CYCLE-000006-20260730T214218000000,BOLT,SYMBOL:BOLT,0.025919000000000025,0.9999999999999999,0.003289002311828836,0.003789002311828836,11.649614780910753,6.755265716926367,0.0018404880497837116,False,True,0.020289509638387476
1,128,HISTORICAL:CYCLE-000006-20260730T214218000000:00000501,CYCLE-000006-20260730T214218000000,BOLT,SYMBOL:BOLT,0.025919000000000025,0.9999999999999999,0.0004691366167844825,0.0009691366167844825,12.31501512456628,3.4412985012005537,0.0015756313625766832,False,True,0.02337423202063886
1,129,HISTORICAL:CYCLE-000006-20260730T214218000000:00000501,CYCLE-000006-20260730T214218000000,BOLT,SYMBOL:BOLT,0.025919000000000025,0.9999999999999999,0.001264057694392754,0.001764057694392754,6.656142960791468,8.185767341042068,0.0014841910301833534,False,True,0.022670751275423916
1,130,HISTORICAL:CYCLE-000006-20260730T214218000000:00000501,CYCLE-000006-20260730T214218000000,BOLT,SYMBOL:BOLT,0.025919000000000025,0.9999999999999999,0.0023917886130019367,0.0028917886130019367,3.5914598737050407,7.740505160719742,0.0011331965034424782,False,True,0.02189401488355561
1,131,HISTORICAL:CYCLE-000006-20260730T214218000000:00000501,CYCLE-000006-20260730T214218000000,BOLT,SYMBOL:BOLT,0.025919000000000025,0.9999999999999999,0.004284627441310809,0.004784627441310809,12.197647360720651,0.8502278396587959,0.0013047875200379445,False,True,0.019829585038651273
1,132,HISTORICAL:CYCLE-000006-20260730T214218000000:00000501,CYCLE-000006-20260730T214218000000,BOLT,SYMBOL:BOLT,0.025919000000000025,0.9999999999999999,0.0024331197922138684,0.0029331197922138684,13.836604922802286,9.322660633134923,0.0023159265555937206,False,True,0.020669953652192437
1,133,HISTORICAL:CYCLE-000006-20260730T214218000000:00000501,CYCLE-000006-20260730T214218000000,BOLT,SYMBOL:BOLT,0.025919000000000025,0.9999999999999999,0.0032775773426010728,0.003777577342601073,2.98892532522784,0.7592605721959023,0.00037481858974237415,False,True,0.021766604067656577
1,134,HISTORICAL:CYCLE-000006-20260730T214218000000:00000501,CYCLE-000006-20260730T214218000000,BOLT,SYMBOL:BOLT,0.025919000000000025,0.9999999999999999,0.002944245737701996,0.003444245737701996,5.04217331099063,4.711932787014006,0.0009754106098004634,False,True,0.021499343652497567
1,135,HISTORICAL:CYCLE-000006-20260730T214218000000:00000501,CYCLE-000006-20260730T214218000000,BOLT,SYMBOL:BOLT,0.025919000000000025,0.9999999999999999,0.001592179523831166,0.002092179523831166,10.013731786698305,8.40299439589956,0.001841672618259786,False,True,0.021985147857909074
1,136,HISTORICAL:CYCLE-000006-20260730T214218000000:00000501,CYCLE-000006-20260730T214218000000,BOLT,SYMBOL:BOLT,0.025919000000000025,0.9999999999999999,0.0006690466478278472,0.0011690466478278473,6.5803762798638585,6.2507922951345325,0.0012831168574998389,False,True,0.02346683649467234
1,137,HISTORICAL:CYCLE-000006-20260730T214218000000:00000501,CYCLE-000006-20260730T214218000000,BOLT,SYMBOL:BOLT,0.025919000000000025,0.9999999999999999,0.004209751541133562,0.0047097515411335614,7.3421281991097,6.814534983152448,0.0014156663182262146,False,True,0.01979358214064025
1,138,HISTORICAL:CYCLE-000006-20260730T214218000000:00000501,CYCLE-000006-20260730T214218000000,BOLT,SYMBOL:BOLT,0.025919000000000025,0.9999999999999999,0.0006138744971697381,0.001113874497169738,6.184860073781666,0.24154159440398448,0.0006426401668185649,False,True,0.024162485336011723
1,139,HISTORICAL:CYCLE-000006-20260730T214218000000:00000501,CYCLE-000006-20260730T214218000000,BOLT,SYMBOL:BOLT,0.025919000000000025,0.9999999999999999,0.0028132372918863537,0.0033132372918863538,2.5714930698521594,6.422950047961265,0.0008994443117813424,False,True,0.02170631839633233
1,140,HISTORICAL:CYCLE-000006-20260730T214218000000:00000501,CYCLE-000006-20260730T214218000000,BOLT,SYMBOL:BOLT,0.025919000000000025,0.9999999999999999,0.002208653389687353,0.002708653389687353,2.150362878507364,0.23880981710208138,0.0002389172695609445,False,True,0.022971429340751727
1,141,HISTORICAL:CYCLE-000006-20260730T214218000000:00000501,CYCLE-000006-20260730T214218000000,BOLT,SYMBOL:BOLT,0.025919000000000025,0.9999999999999999,0.004351227052490765,0.004851227052490765,12.882877960557067,6.373742215054094,0.0019256620175611158,False,True,0.019142110929948143
1,142,HISTORICAL:CYCLE-000006-20260730T214218000000:00000501,CYCLE-000006-20260730T214218000000,BOLT,SYMBOL:BOLT,0.025919000000000025,0.9999999999999999,0.002230223612134885,0.002730223612134885,6.891284346263297,3.6219630713304762,0.0010513247417593772,False,True,0.02213745164610576
1,143,HISTORICAL:CYCLE-000006-20260730T214218000000:00000501,CYCLE-000006-20260730T214218000000,BOLT,SYMBOL:BOLT,0.025919000000000025,0.9999999999999999,0.002851021096817879,0.003351021096817879,12.274767247950587,0.6993167603102579,0.0012974084008260845,False,True,0.021270570502356062
1,144,HISTORICAL:CYCLE-000006-20260730T214218000000:00000501,CYCLE-000006-20260730T214218000000,BOLT,SYMBOL:BOLT,0.025919000000000025,0.9999999999999999,0.002747489883723826,0.003247489883723826,1.8335851552076914,4.7117401401000345,0.0006545325295307725,False,True,0.022016977586745427
1,145,HISTORICAL:CYCLE-000006-20260730T214218000000:00000501,CYCLE-000006-20260730T214218000000,BOLT,SYMBOL:BOLT,0.025919000000000025,0.9999999999999999,0.0016429800964837774,0.0021429800964837776,13.758231930522077,6.7727998431229155,0.002053103177364499,False,True,0.021722916726151748
1,146,HISTORICAL:CYCLE-000006-20260730T214218000000:00000501,CYCLE-000006-20260730T214218000000,BOLT,SYMBOL:BOLT,0.025919000000000025,0.9999999999999999,0.0032195181817809447,0.0037195181817809447,0.12816200443222847,2.9124653280789103,0.0003040627332511138,True,False,0.0
1,147,HISTORICAL:CYCLE-000006-20260730T214218000000:00000501,CYCLE-000006-20260730T214218000000,BOLT,SYMBOL:BOLT,0.025919000000000025,0.9999999999999999,0.0037410389205143513,0.004241038920514351,8.055097508624742,4.348344807610925,0.0012403442316235665,False,True,0.02043761684786211
1,148,HISTORICAL:CYCLE-000006-20260730T214218000000:00000501,CYCLE-000006-20260730T214218000000,BOLT,SYMBOL:BOLT,0.025919000000000025,0.9999999999999999,0.002216443543036334,0.002716443543036334,10.93204001357029,9.180966165737205,0.0020113006179307493,False,True,0.021191255839032943
1,149,HISTORICAL:CYCLE-000006-20260730T214218000000:00000501,CYCLE-000006-20260730T214218000000,BOLT,SYMBOL:BOLT,0.025919000000000025,0.9999999999999999,0.002410307425625534,0.002910307425625534,1.0624792122580469,5.949536609949345,0.0007012015822207391,False,True,0.02230749099215375
1,150,HISTORICAL:CYCLE-000006-20260730T214218000000:00000501,CYCLE-000006-20260730T214218000000,BOLT,SYMBOL:BOLT,0.025919000000000025,0.9999999999999999,0.00344499870755858,0.00394499870755858,14.843941051002192,8.144718134332551,0.002298865918533474,False,True,0.01967513537390797
1,151,HISTORICAL:CYCLE-000006-20260730T214218000000:00000501,CYCLE-000006-20260730T214218000000,BOLT,SYMBOL:BOLT,0.025919000000000025,0.9999999999999999,0.0026855615441585237,0.0031855615441585237,4.9721895196184205,1.81897012140659,0.000679115964102501,False,True,0.022054322491739
1,152,HISTORICAL:CYCLE-000006-20260730T214218000000:00000501,CYCLE-000006-20260730T214218000000,BOLT,SYMBOL:BOLT,0.025919000000000025,0.9999999999999999,0.001938443344157734,0.0024384433441577338,4.160034204452962,5.074918521011936,0.0009234952725464895,False,True,0.0225570613832958
1,153,HISTORICAL:CYCLE-000006-20260730T214218000000:00000501,CYCLE-000006-20260730T214218000000,BOLT,SYMBOL:BOLT,0.025919000000000025,0.9999999999999999,0.0005050163949612684,0.0010050163949612684,12.866999686537062,9.10942618462231,0.0021976425871159367,False,True,0.02271634101792282
1,154,HISTORICAL:CYCLE-000006-20260730T214218000000:00000501,CYCLE-000006-20260730T214218000000,BOLT,SYMBOL:BOLT,0.025919000000000025,0.9999999999999999,0.00033417694840115627,0.0008341769484011563,14.255584307640639,8.155395577114643,0.0022410979884755276,False,True,0.022843725063123342
1,155,HISTORICAL:CYCLE-000006-20260730T214218000000:00000501,CYCLE-000006-20260730T214218000000,BOLT,SYMBOL:BOLT,0.025919000000000025,0.9999999999999999,0.0015984158854820585,0.0020984158854820585,4.436627420149213,6.56484171422413,0.0011001469134373342,False,True,0.022720437201080634
1,156,HISTORICAL:CYCLE-000006-20260730T214218000000:00000501,CYCLE-000006-20260730T214218000000,BOLT,SYMBOL:BOLT,0.025919000000000025,0.9999999999999999,0.0031808620493221943,0.0036808620493221944,7.441371646363409,1.1359489594294592,0.0008577320605792866,False,True,0.02138040589009854
1,157,HISTORICAL:CYCLE-000006-20260730T214218000000:00000501,CYCLE-000006-20260730T214218000000,BOLT,SYMBOL:BOLT,0.025919000000000025,0.9999999999999999,0.0013853712881980096,0.0018853712881980096,10.262820692304878,1.1912622852743093,0.0011454082977579185,False,True,0.022888220414044095
1,158,HISTORICAL:CYCLE-000006-20260730T214218000000:00000501,CYCLE-000006-20260730T214218000000,BOLT,SYMBOL:BOLT,0.025919000000000025,0.9999999999999999,0.002824686240334226,0.003324686240334226,7.800292839826858,5.579002987951224,0.001337929582777808,True,False,0.0
1,159,HISTORICAL:CYCLE-000006-20260730T214218000000:00000501,CYCLE-000006-20260730T214218000000,BOLT,SYMBOL:BOLT,0.025919000000000025,0.9999999999999999,0.002928739192175051,0.003428739192175051,14.84624444935749,4.156061236600968,0.0019002305685958455,False,True,0.02059003023922913
1,160,HISTORICAL:CYCLE-000006-20260730T214218000000:00000501,CYCLE-000006-20260730T214218000000,BOLT,SYMBOL:BOLT,0.025919000000000025,0.9999999999999999,0.0019655450339649562,0.0024655450339649563,5.350614877664676,4.460187992790141,0.0009810802870454816,False,True,0.02247237467898959
1,161,HISTORICAL:CYCLE-000006-20260730T214218000000:00000501,CYCLE-000006-20260730T214218000000,BOLT,SYMBOL:BOLT,0.025919000000000025,0.9999999999999999,0.0029058403734842143,0.0034058403734842143,12.908425612291758,4.841968619244822,0.001775039423153658,False,True,0.020738120203362152
1,162,HISTORICAL:CYCLE-000006-20260730T214218000000:00000501,CYCLE-000006-20260730T214218000000,BOLT,SYMBOL:BOLT,0.025919000000000025,0.9999999999999999,0.0008264349894863433,0.0013264349894863432,11.275022444682357,6.17912828640587,0.0017454150731088223,False,True,0.022847149937404863
1,163,HISTORICAL:CYCLE-000006-20260730T214218000000:00000501,CYCLE-000006-20260730T214218000000,BOLT,SYMBOL:BOLT,0.025919000000000025,0.9999999999999999,0.0047521096819082434,0.005252109681908243,10.080557653745947,4.618508334318108,0.0014699065988064053,False,True,0.01919698371928538
1,164,HISTORICAL:CYCLE-000006-20260730T214218000000:00000501,CYCLE-000006-20260730T214218000000,BOLT,SYMBOL:BOLT,0.025919000000000025,0.9999999999999999,0.001431778225425745,0.001931778225425745,3.485009151804067,0.32126839855280087,0.0003806277550356867,False,True,0.02360659401953859
1,165,HISTORICAL:CYCLE-000006-20260730T214218000000:00000501,CYCLE-000006-20260730T214218000000,BOLT,SYMBOL:BOLT,0.025919000000000025,0.9999999999999999,0.004694206786018932,0.005194206786018932,7.954214039459053,8.419222248142402,0.0016373436287601454,False,True,0.01908744958522095
1,166,HISTORICAL:CYCLE-000006-20260730T214218000000:00000501,CYCLE-000006-20260730T214218000000,BOLT,SYMBOL:BOLT,0.025919000000000025,0.9999999999999999,0.004982898749616091,0.005482898749616091,6.347517758257632,6.790541863703082,0.0013138059621960712,False,True,0.019122295288187863
1,167,HISTORICAL:CYCLE-000006-20260730T214218000000:00000501,CYCLE-000006-20260730T214218000000,BOLT,SYMBOL:BOLT,0.025919000000000025,0.9999999999999999,0.0033474695725193037,0.0038474695725193037,13.905902008244682,9.565656226300575,0.002347155823454525,False,True,0.0197243746040262
1,168,HISTORICAL:CYCLE-000006-20260730T214218000000:00000501,CYCLE-000006-20260730T214218000000,BOLT,SYMBOL:BOLT,0.025919000000000025,0.9999999999999999,0.0017018569543196384,0.0022018569543196384,3.5671818989850697,8.209815223522229,0.0011776997122507297,False,True,0.022539443333429658
1,169,HISTORICAL:CYCLE-000006-20260730T214218000000:00000501,CYCLE-000006-20260730T214218000000,BOLT,SYMBOL:BOLT,0.025919000000000025,0.9999999999999999,0.0021540061955539797,0.0026540061955539797,11.000382442043504,9.631429790588982,0.002063181223263248,False,True,0.021201812581182797
1,170,HISTORICAL:CYCLE-000006-20260730T214218000000:00000501,CYCLE-000006-20260730T214218000000,BOLT,SYMBOL:BOLT,0.025919000000000025,0.9999999999999999,0.0016464986195372563,0.0021464986195372563,0.5866421925007292,6.44976729883978,0.0007036409491340508,False,True,0.02306886043132872
1,171,HISTORICAL:CYCLE-000006-20260730T214218000000:00000501,CYCLE-000006-20260730T214218000000,BOLT,SYMBOL:BOLT,0.025919000000000025,0.9999999999999999,0.000419467720083752,0.0009194677200837519,9.28903521897046,9.886559456979791,0.0019175594675950247,False,True,0.023081972812321248
1,172,HISTORICAL:CYCLE-000006-20260730T214218000000:00000501,CYCLE-000006-20260730T214218000000,BOLT,SYMBOL:BOLT,0.025919000000000025,0.9999999999999999,0.0009093709797454805,0.0014093709797454806,13.610957716829123,8.056841757726824,0.0021667799474555946,False,True,0.022342849072798952
1,173,HISTORICAL:CYCLE-000006-20260730T214218000000:00000501,CYCLE-000006-20260730T214218000000,BOLT,SYMBOL:BOLT,0.025919000000000025,0.9999999999999999,0.0011516806056117716,0.0016516806056117717,10.880155146837414,1.7027571732765767,0.001258291232011399,False,True,0.023009028162376856
1,174,HISTORICAL:CYCLE-000006-20260730T214218000000:00000501,CYCLE-000006-20260730T214218000000,BOLT,SYMBOL:BOLT,0.025919000000000025,0.9999999999999999,0.00044060214022826596,0.000940602140228266,10.623811950838412,1.1784910531337445,0.0011802303003972153,False,True,0.023798167559374545
1,175,HISTORICAL:CYCLE-000006-20260730T214218000000:00000501,CYCLE-000006-20260730T214218000000,BOLT,SYMBOL:BOLT,0.025919000000000025,0.9999999999999999,0.0045425410448295895,0.005042541044829589,11.66274119561691,2.419698345082285,0.0014082439540699192,False,True,0.019468215001100516
1,176,HISTORICAL:CYCLE-000006-20260730T214218000000:00000501,CYCLE-000006-20260730T214218000000,BOLT,SYMBOL:BOLT,0.025919000000000025,0.9999999999999999,0.002425768128783277,0.002925768128783277,14.781692048263407,1.7119980223584585,0.0016493690070621863,False,True,0.021343862864154562
1,177,HISTORICAL:CYCLE-000006-20260730T214218000000:00000501,CYCLE-000006-20260730T214218000000,BOLT,SYMBOL:BOLT,0.025919000000000025,0.9999999999999999,0.003026140659371411,0.003526140659371411,1.8844658500391598,5.4791004762930875,0.0007363566326332246,False,True,0.02165650270799539
1,178,HISTORICAL:CYCLE-000006-20260730T214218000000:00000501,CYCLE-000006-20260730T214218000000,BOLT,SYMBOL:BOLT,0.025919000000000025,0.9999999999999999,0.0010883153361220782,0.0015883153361220782,11.786850094069099,7.818601022222324,0.001960545111629142,False,True,0.022370139552248806
1,179,HISTORICAL:CYCLE-000006-20260730T214218000000:00000501,CYCLE-000006-20260730T214218000000,BOLT,SYMBOL:BOLT,0.025919000000000025,0.9999999999999999,0.0012739870043374504,0.0017739870043374504,11.470149877335393,6.162111019305733,0.0017632260896641124,True,False,0.0
1,180,HISTORICAL:CYCLE-000006-20260730T214218000000:00000501,CYCLE-000006-20260730T214218000000,BOLT,SYMBOL:BOLT,0.025919000000000025,0.9999999999999999,0.0012838114690841543,0.0017838114690841543,11.564754457235928,7.836676247966768,0.0019401430705202692,False,True,0.022195045460395604
1,181,HISTORICAL:CYCLE-000006-20260730T214218000000:00000501,CYCLE-000006-20260730T214218000000,BOLT,SYMBOL:BOLT,0.025919000000000025,0.9999999999999999,0.00039203981595900734,0.0008920398159590074,5.850005902569126,8.145197136505619,0.0013995203039074743,False,True,0.023627439880133546
1,182,HISTORICAL:CYCLE-000006-20260730T214218000000:00000501,CYCLE-000006-20260730T214218000000,BOLT,SYMBOL:BOLT,0.025919000000000025,0.9999999999999999,0.0008548799064999628,0.0013548799064999628,4.736592051230388,6.077931552372179,0.0010814523603602565,False,True,0.023482667733139808
1,183,HISTORICAL:CYCLE-000006-20260730T214218000000:00000501,CYCLE-000006-20260730T214218000000,BOLT,SYMBOL:BOLT,0.025919000000000025,0.9999999999999999,0.00028581153992936507,0.0007858115399293651,4.589225982020184,4.637563166573947,0.000922678914859413,False,True,0.024210509545211246
1,184,HISTORICAL:CYCLE-000006-20260730T214218000000:00000501,CYCLE-000006-20260730T214218000000,BOLT,SYMBOL:BOLT,0.025919000000000025,0.9999999999999999,0.0009910911192880408,0.0014910911192880408,9.025237783877138,1.6510684121718577,0.0010676306196048995,False,True,0.023360278261107086
1,185,HISTORICAL:CYCLE-000006-20260730T214218000000:00000501,CYCLE-000006-20260730T214218000000,BOLT,SYMBOL:BOLT,0.025919000000000025,0.9999999999999999,0.0012039366637833302,0.0017039366637833302,0.6295194858047803,6.833045251212909,0.0007462564737017689,False,True,0.023468806862514926
1,186,HISTORICAL:CYCLE-000006-20260730T214218000000:00000501,CYCLE-000006-20260730T214218000000,BOLT,SYMBOL:BOLT,0.025919000000000025,0.9999999999999999,0.004143246492478028,0.004643246492478027,5.090655200708879,4.14674605105272,0.0009237401251761596,False,True,0.020352013382345838
1,187,HISTORICAL:CYCLE-000006-20260730T214218000000:00000501,CYCLE-000006-20260730T214218000000,BOLT,SYMBOL:BOLT,0.025919000000000025,0.9999999999999999,0.0013578801223554499,0.00185788012235545,6.667469305114598,6.146926154754789,0.0012814395459869387,False,True,0.022779680331657635
1,188,HISTORICAL:CYCLE-000006-20260730T214218000000:00000501,CYCLE-000006-20260730T214218000000,BOLT,SYMBOL:BOLT,0.025919000000000025,0.9999999999999999,0.0020864285868632663,0.0025864285868632663,14.876163420303874,6.331192914347332,0.00212073563346512,False,True,0.021211835779671638
1,189,HISTORICAL:CYCLE-000006-20260730T214218000000:00000501,CYCLE-000006-20260730T214218000000,BOLT,SYMBOL:BOLT,0.025919000000000025,0.9999999999999999,0.004248948225876262,0.0047489482258762615,14.060696766191429,9.701854717950733,0.0023762551484142157,False,True,0.018793796625709548
1,190,HISTORICAL:CYCLE-000006-20260730T214218000000:00000501,CYCLE-000006-20260730T214218000000,BOLT,SYMBOL:BOLT,0.025919000000000025,0.9999999999999999,0.004202795608537783,0.004702795608537784,10.561395379645285,7.3522052982828265,0.001791360067792811,False,True,0.019424844323669428
1,191,HISTORICAL:CYCLE-000006-20260730T214218000000:00000501,CYCLE-000006-20260730T214218000000,BOLT,SYMBOL:BOLT,0.025919000000000025,0.9999999999999999,0.0004085602452654532,0.0009085602452654532,6.389817092883708,7.233627263585437,0.0013623444356469143,False,True,0.023648095319087657
1,192,HISTORICAL:CYCLE-000006-20260730T214218000000:00000501,CYCLE-000006-20260730T214218000000,BOLT,SYMBOL:BOLT,0.025919000000000025,0.9999999999999999,0.004685623440956981,0.005185623440956981,1.3596883847566843,8.617699731221576,0.0009977388115978258,False,True,0.01973563774744522
1,193,HISTORICAL:CYCLE-000006-20260730T214218000000:00000501,CYCLE-000006-20260730T214218000000,BOLT,SYMBOL:BOLT,0.025919000000000025,0.9999999999999999,0.003435366782736305,0.0039353667827363055,2.516518279773639,8.759398011989445,0.0011275916291763081,False,True,0.02085604158808741
1,194,HISTORICAL:CYCLE-000006-20260730T214218000000:00000501,CYCLE-000006-20260730T214218000000,BOLT,SYMBOL:BOLT,0.025919000000000025,0.9999999999999999,0.0024296118252134487,0.0029296118252134487,0.7623132108923097,7.173146697698072,0.000793545990859038,True,False,0.0
1,195,HISTORICAL:CYCLE-000006-20260730T214218000000:00000501,CYCLE-000006-20260730T214218000000,BOLT,SYMBOL:BOLT,0.025919000000000025,0.9999999999999999,0.004846816299910316,0.005346816299910316,7.976206024046279,3.668715357490777,0.0011644921381537055,False,True,0.019407691561936002
1,196,HISTORICAL:CYCLE-000006-20260730T214218000000:00000501,CYCLE-000006-20260730T214218000000,BOLT,SYMBOL:BOLT,0.025919000000000025,0.9999999999999999,0.0033399332389515593,0.0038399332389515593,3.636219894334585,4.242845740082589,0.0007879065634417173,False,True,0.021291160197606747
1,197,HISTORICAL:CYCLE-000006-20260730T214218000000:00000501,CYCLE-000006-20260730T214218000000,BOLT,SYMBOL:BOLT,0.025919000000000025,0.9999999999999999,0.001030041612513072,0.001530041612513072,2.7793754986256385,7.822594676092508,0.0010601970174718145,False,True,0.02332876137001514
1,198,HISTORICAL:CYCLE-000006-20260730T214218000000:00000501,CYCLE-000006-20260730T214218000000,BOLT,SYMBOL:BOLT,0.025919000000000025,0.9999999999999999,0.0038797311830736495,0.0043797311830736495,6.802619316515008,0.9537936239035283,0.0007756412940418536,False,True,0.02076362752288452
1,199,HISTORICAL:CYCLE-000006-20260730T214218000000:00000501,CYCLE-000006-20260730T214218000000,BOLT,SYMBOL:BOLT,0.025919000000000025,0.9999999999999999,0.004831668239479142,0.005331668239479143,1.6324550635907065,1.1369216871458898,0.00027693767507365957,False,True,0.020310394085447225
1,200,HISTORICAL:CYCLE-000006-20260730T214218000000:00000501,CYCLE-000006-20260730T214218000000,BOLT,SYMBOL:BOLT,0.025919000000000025,0.9999999999999999,0.0026391542787436387,0.0031391542787436388,14.495150678768637,8.567955656842878,0.0023063106335611512,False,True,0.020473535087695238
1,201,HISTORICAL:CYCLE-000006-20260730T214218000000:00000501,CYCLE-000006-20260730T214218000000,BOLT,SYMBOL:BOLT,0.025919000000000025,0.9999999999999999,0.0026373498237744816,0.0031373498237744816,10.447408222755389,5.557446894396864,0.001600485511715225,False,True,0.02118116466451032
1,202,HISTORICAL:CYCLE-000006-20260730T214218000000:00000501,CYCLE-000006-20260730T214218000000,BOLT,SYMBOL:BOLT,0.025919000000000025,0.9999999999999999,0.00307369756405768,0.00357369756405768,0.9185489862579871,3.971762087390455,0.000489031107364844,False,True,0.021856271328577502
1,203,HISTORICAL:CYCLE-000006-20260730T214218000000:00000501,CYCLE-000006-20260730T214218000000,BOLT,SYMBOL:BOLT,0.025919000000000025,0.9999999999999999,0.004091268067232147,0.004591268067232148,5.833997279675646,1.3874026186075983,0.0007221399898283245,False,True,0.020605591942939556
1,204,HISTORICAL:CYCLE-000006-20260730T214218000000:00000501,CYCLE-000006-20260730T214218000000,BOLT,SYMBOL:BOLT,0.025919000000000025,0.9999999999999999,0.003343456821652299,0.003843456821652299,0.1978624054421907,0.4185034337162419,6.163658391584324e-05,False,True,0.022013906594431882
1,205,HISTORICAL:CYCLE-000006-20260730T214218000000:00000501,CYCLE-000006-20260730T214218000000,BOLT,SYMBOL:BOLT,0.025919000000000025,0.9999999999999999,0.003584015199124501,0.0040840151991245015,14.395819405838592,9.139514063809616,0.0023535333469648203,False,True,0.019481451453910704
1,206,HISTORICAL:CYCLE-000006-20260730T214218000000:00000501,CYCLE-000006-20260730T214218000000,BOLT,SYMBOL:BOLT,0.025919000000000025,0.9999999999999999,0.0024757017725705616,0.0029757017725705616,5.154098089302994,1.6560053634259952,0.0006810103452728988,False,True,0.022262287882156565
1,207,HISTORICAL:CYCLE-000006-20260730T214218000000:00000501,CYCLE-000006-20260730T214218000000,BOLT,SYMBOL:BOLT,0.025919000000000025,0.9999999999999999,0.002291064636935007,0.002791064636935007,4.112399492853246,1.0710706208881393,0.0005183470113741385,False,True,0.022609588351690878
1,208,HISTORICAL:CYCLE-000006-20260730T214218000000:00000501,CYCLE-000006-20260730T214218000000,BOLT,SYMBOL:BOLT,0.025919000000000025,0.9999999999999999,0.0014241014672880263,0.0019241014672880263,1.8092245101456799,8.105697275507127,0.0009914921785652807,False,True,0.02300340635414672
1,209,HISTORICAL:CYCLE-000006-20260730T214218000000:00000501,CYCLE-000006-20260730T214218000000,BOLT,SYMBOL:BOLT,0.025919000000000025,0.9999999999999999,0.0046911888356095215,0.005191188835609522,13.202117904065457,0.37367240423675896,0.0013575790308302214,False,True,0.019370232133560282
1,210,HISTORICAL:CYCLE-000006-20260730T214218000000:00000501,CYCLE-000006-20260730T214218000000,BOLT,SYMBOL:BOLT,0.025919000000000025,0.9999999999999999,0.0011478915734533662,0.0016478915734533662,9.411932796106166,3.3652046572881886,0.0012777137453394353,False,True,0.022993394681207223
1,211,HISTORICAL:CYCLE-000006-20260730T214218000000:00000501,CYCLE-000006-20260730T214218000000,BOLT,SYMBOL:BOLT,0.025919000000000025,0.9999999999999999,0.0030956927121725047,0.0035956927121725047,12.553669167679844,4.6450165621276565,0.0017198685729807497,False,True,0.02060343871484677
1,212,HISTORICAL:CYCLE-000006-20260730T214218000000:00000501,CYCLE-000006-20260730T214218000000,BOLT,SYMBOL:BOLT,0.025919000000000025,0.9999999999999999,0.0027196096208617782,0.0032196096208617782,0.9947330264102083,1.0443651083052552,0.00020390981347154634,False,True,0.022495480565666703
1,213,HISTORICAL:CYCLE-000006-20260730T214218000000:00000501,CYCLE-000006-20260730T214218000000,BOLT,SYMBOL:BOLT,0.025919000000000025,0.9999999999999999,0.0049696303963618176,0.005469630396361818,14.241819711689617,3.9152779238710123,0.0018157097635560625,False,True,0.018633659840082147
1,214,HISTORICAL:CYCLE-000006-20260730T214218000000:00000501,CYCLE-000006-20260730T214218000000,BOLT,SYMBOL:BOLT,0.025919000000000025,0.9999999999999999,0.0038309702749441763,0.004330970274944177,7.392487910129662,3.6150595028716035,0.0011007547413001263,False,True,0.020487274983755722
1,215,HISTORICAL:CYCLE-000006-20260730T214218000000:00000501,CYCLE-000006-20260730T214218000000,BOLT,SYMBOL:BOLT,0.025919000000000025,0.9999999999999999,0.0006187536548956791,0.001118753654895679,4.11502345925252,6.267146894853041,0.001038217035410556,False,True,0.02376202930969379
1,216,HISTORICAL:CYCLE-000006-20260730T214218000000:00000501,CYCLE-000006-20260730T214218000000,BOLT,SYMBOL:BOLT,0.025919000000000025,0.9999999999999999,0.003164154209213144,0.003664154209213144,0.02883427352976642,7.33314675614245,0.0007361981029672216,False,True,0.02151864768781966
1,217,HISTORICAL:CYCLE-000006-20260730T214218000000:00000501,CYCLE-000006-20260730T214218000000,BOLT,SYMBOL:BOLT,0.025919000000000025,0.9999999999999999,0.0049679677748688455,0.005467967774868845,14.272078266292635,6.16889289507078,0.002044097116136341,False,True,0.018406935108994837
1,218,HISTORICAL:CYCLE-000006-20260730T214218000000:00000501,CYCLE-000006-20260730T214218000000,BOLT,SYMBOL:BOLT,0.025919000000000025,0.9999999999999999,0.0005097182423683825,0.0010097182423683825,12.553549141114594,5.874341044186483,0.0018427890185301074,False,True,0.023066492739101534
1,219,HISTORICAL:CYCLE-000006-20260730T214218000000:00000501,CYCLE-000006-20260730T214218000000,BOLT,SYMBOL:BOLT,0.025919000000000025,0.9999999999999999,0.00367494729074648,0.00417494729074648,5.182257668709415,0.046853638454164015,0.0005229111307163578,False,True,0.021221141578537186
1,220,HISTORICAL:CYCLE-000006-20260730T214218000000:00000501,CYCLE-000006-20260730T214218000000,BOLT,SYMBOL:BOLT,0.025919000000000025,0.9999999999999999,0.004639595030417949,0.00513959503041795,6.247162617763246,9.909675069215924,0.0016156837686979167,False,True,0.019163721200884158
1,221,HISTORICAL:CYCLE-000006-20260730T214218000000:00000501,CYCLE-000006-20260730T214218000000,BOLT,SYMBOL:BOLT,0.025919000000000025,0.9999999999999999,0.0019937421403332257,0.0024937421403332257,6.593119583059341,7.8062237886475705,0.001439934337170691,False,True,0.02198532352249611
1,222,HISTORICAL:CYCLE-000006-20260730T214218000000:00000501,CYCLE-000006-20260730T214218000000,BOLT,SYMBOL:BOLT,0.025919000000000025,0.9999999999999999,0.004497431114779436,0.004997431114779436,12.502363863405686,3.47160017775347,0.0015973964041159155,False,True,0.019324172481104674
1,223,HISTORICAL:CYCLE-000006-20260730T214218000000:00000501,CYCLE-000006-20260730T214218000000,BOLT,SYMBOL:BOLT,0.025919000000000025,0.9999999999999999,0.002658253973816702,0.003158253973816702,12.798281128859346,5.789665967621135,0.0018587947096480478,False,True,0.020901951316535276
1,224,HISTORICAL:CYCLE-000006-20260730T214218000000:00000501,CYCLE-000006-20260730T214218000000,BOLT,SYMBOL:BOLT,0.025919000000000025,0.9999999999999999,0.0025401992118756636,0.0030401992118756637,6.025221612219497,9.096874195210535,0.001512209580743003,False,True,0.02136659120738136
1,225,HISTORICAL:CYCLE-000006-20260730T214218000000:00000501,CYCLE-000006-20260730T214218000000,BOLT,SYMBOL:BOLT,0.025919000000000025,0.9999999999999999,0.0004863965078305178,0.0009863965078305177,10.398611140229308,4.062856270477463,0.001446146741070677,False,True,0.023486456751098832
1,226,HISTORICAL:CYCLE-000006-20260730T214218000000:00000501,CYCLE-000006-20260730T214218000000,BOLT,SYMBOL:BOLT,0.025919000000000025,0.9999999999999999,0.0023870046508566918,0.0028870046508566918,9.884231480635762,6.6161940288703915,0.001650042550950615,False,True,0.021381952798192716
1,227,HISTORICAL:CYCLE-000006-20260730T214218000000:00000501,CYCLE-000006-20260730T214218000000,BOLT,SYMBOL:BOLT,0.025919000000000025,0.9999999999999999,0.0011616596289120461,0.0016616596289120461,13.979955992562951,9.939859769572086,0.0023919815762135036,False,True,0.021865358794874473
1,228,HISTORICAL:CYCLE-000006-20260730T214218000000:00000501,CYCLE-000006-20260730T214218000000,BOLT,SYMBOL:BOLT,0.025919000000000025,0.9999999999999999,0.004648226539245258,0.005148226539245258,3.102851639857745,1.693966718492087,0.00047968183583498307,False,True,0.020291091624919783
1,229,HISTORICAL:CYCLE-000006-20260730T214218000000:00000501,CYCLE-000006-20260730T214218000000,BOLT,SYMBOL:BOLT,0.025919000000000025,0.9999999999999999,0.0032259676473430786,0.0037259676473430786,6.093364282782615,3.855358881371979,0.000994872316415459,False,True,0.021198160036241486
1,230,HISTORICAL:CYCLE-000006-20260730T214218000000:00000501,CYCLE-000006-20260730T214218000000,BOLT,SYMBOL:BOLT,0.025919000000000025,0.9999999999999999,0.0006475790997306627,0.0011475790997306627,3.704395591798812,1.9717633543295932,0.0005676158946128405,False,True,0.024203805005656522
1,231,HISTORICAL:CYCLE-000006-20260730T214218000000:00000501,CYCLE-000006-20260730T214218000000,BOLT,SYMBOL:BOLT,0.025919000000000025,0.9999999999999999,0.0034462934185735465,0.0039462934185735465,13.461441409626024,0.09590368296189089,0.0013557345092587913,False,True,0.020616972072167686
1,232,HISTORICAL:CYCLE-000006-20260730T214218000000:00000501,CYCLE-000006-20260730T214218000000,BOLT,SYMBOL:BOLT,0.025919000000000025,0.9999999999999999,0.0013840631029770531,0.0018840631029770532,8.90574167199339,0.5955648113340739,0.0009501306483327461,False,True,0.023084806248690228
1,233,HISTORICAL:CYCLE-000006-20260730T214218000000:00000501,CYCLE-000006-20260730T214218000000,BOLT,SYMBOL:BOLT,0.025919000000000025,0.9999999999999999,0.004858302985290758,0.0053583029852907575,10.62191899790361,9.285820949955912,0.001990773994785952,True,False,0.0
1,234,HISTORICAL:CYCLE-000006-20260730T214218000000:00000501,CYCLE-000006-20260730T214218000000,BOLT,SYMBOL:BOLT,0.025919000000000025,0.9999999999999999,0.0036197835839575886,0.004119783583957589,7.891435395882928,7.083487273190496,0.0014974922669073422,False,True,0.020301724149135093
1,235,HISTORICAL:CYCLE-000006-20260730T214218000000:00000501,CYCLE-000006-20260730T214218000000,BOLT,SYMBOL:BOLT,0.025919000000000025,0.9999999999999999,0.0003871880359935246,0.0008871880359935246,12.892632305803014,1.0569542687093347,0.0013949586574512347,False,True,0.023636853306555267
1,236,HISTORICAL:CYCLE-000006-20260730T214218000000:00000501,CYCLE-000006-20260730T214218000000,BOLT,SYMBOL:BOLT,0.025919000000000025,0.9999999999999999,0.0008365068179485203,0.0013365068179485204,0.17767907179615183,9.80123324435105,0.0009978912316147201,False,True,0.023584601950436785
1,237,HISTORICAL:CYCLE-000006-20260730T214218000000:00000501,CYCLE-000006-20260730T214218000000,BOLT,SYMBOL:BOLT,0.025919000000000025,0.9999999999999999,0.0009203033610122866,0.0014203033610122866,1.4572923590228637,1.3487035349991394,0.0002805995894022003,False,True,0.024218097049585538
1,238,HISTORICAL:CYCLE-000006-20260730T214218000000:00000501,CYCLE-000006-20260730T214218000000,BOLT,SYMBOL:BOLT,0.025919000000000025,0.9999999999999999,0.004385828069449596,0.004885828069449595,11.21540863450836,6.242757944445208,0.0017458166578953565,False,True,0.019287355272655075
1,239,HISTORICAL:CYCLE-000006-20260730T214218000000:00000501,CYCLE-000006-20260730T214218000000,BOLT,SYMBOL:BOLT,0.025919000000000025,0.9999999999999999,0.00038603558023107105,0.0008860355802310711,12.727981512523717,4.382150534598145,0.001711013204712186,False,True,0.023321951215056768
1,240,HISTORICAL:CYCLE-000006-20260730T214218000000:00000501,CYCLE-000006-20260730T214218000000,BOLT,SYMBOL:BOLT,0.025919000000000025,0.9999999999999999,0.0011818321458975487,0.0016818321458975487,2.7765945726435555,4.292712212672866,0.000706930678531642,False,True,0.023530237175570835
1,241,HISTORICAL:CYCLE-000006-20260730T214218000000:00000501,CYCLE-000006-20260730T214218000000,BOLT,SYMBOL:BOLT,0.025919000000000025,0.9999999999999999,0.0024991629456915525,0.0029991629456915525,12.445796994531923,7.22053204298927,0.001966632903752119,False,True,0.020953204150556355
1,242,HISTORICAL:CYCLE-000006-20260730T214218000000:00000501,CYCLE-000006-20260730T214218000000,BOLT,SYMBOL:BOLT,0.025919000000000025,0.9999999999999999,0.003082309263929806,0.003582309263929806,8.587162847980748,1.7549467183749912,0.0010342109566355737,False,True,0.021302479779434644
1,243,HISTORICAL:CYCLE-000006-20260730T214218000000:00000501,CYCLE-000006-20260730T214218000000,BOLT,SYMBOL:BOLT,0.025919000000000025,0.9999999999999999,0.00333611985417576,0.00383611985417576,3.693690209672622,8.824616834840205,0.0012518307044512825,False,True,0.020831049441372984
1,244,HISTORICAL:CYCLE-000006-20260730T214218000000:00000501,CYCLE-000006-20260730T214218000000,BOLT,SYMBOL:BOLT,0.025919000000000025,0.9999999999999999,0.001439202670342349,0.001939202670342349,10.35164942637408,7.698859507649729,0.0018050508934023806,False,True,0.022174746436255298
1,245,HISTORICAL:CYCLE-000006-20260730T214218000000:00000501,CYCLE-000006-20260730T214218000000,BOLT,SYMBOL:BOLT,0.025919000000000025,0.9999999999999999,0.004069440643988439,0.004569440643988438,7.04502448019292,2.518189867054285,0.0009563214347247202,False,True,0.020393237921286864
1,246,HISTORICAL:CYCLE-000006-20260730T214218000000:00000501,CYCLE-000006-20260730T214218000000,BOLT,SYMBOL:BOLT,0.025919000000000025,0.9999999999999999,0.002599898188803834,0.003099898188803834,14.885074755414909,7.613291225723705,0.002249836598113861,False,True,0.02056926521308233
1,247,HISTORICAL:CYCLE-000006-20260730T214218000000:00000501,CYCLE-000006-20260730T214218000000,BOLT,SYMBOL:BOLT,0.025919000000000025,0.9999999999999999,0.0007349490569232004,0.0012349490569232005,2.053146747397809,1.0145687501167189,0.00030677154975145276,False,True,0.02437727939332537
1,248,HISTORICAL:CYCLE-000006-20260730T214218000000:00000501,CYCLE-000006-20260730T214218000000,BOLT,SYMBOL:BOLT,0.025919000000000025,0.9999999999999999,0.004614778753570854,0.005114778753570854,10.996092095762325,1.261885949184619,0.0012257978044946942,False,True,0.01957842344193448
1,249,HISTORICAL:CYCLE-000006-20260730T214218000000:00000501,CYCLE-000006-20260730T214218000000,BOLT,SYMBOL:BOLT,0.025919000000000025,0.9999999999999999,0.0049591419768533,0.0054591419768533,8.391253211505331,4.768756830740196,0.0013160010042245526,False,True,0.019143857018922173
1,250,HISTORICAL:CYCLE-000006-20260730T214218000000:00000501,CYCLE-000006-20260730T214218000000,BOLT,SYMBOL:BOLT,0.025919000000000025,0.9999999999999999,0.0023483139846759977,0.0028483139846759977,3.2431170206910997,2.5321793531875656,0.0005775296373878665,False,True,0.022493156377936162
