feature,direction,threshold,selected_events,selected_positive,selected_negative,win_rate_pct,average_profit_usd,total_profit_usd,median_profit_usd,best_profit_usd,worst_profit_usd,precision,recall,false_positive_rate,training_cycle_start,training_cycle_end
market_score,HIGHER,97.37,1,0,1,0.0,-0.0017700000000000476,-0.0017700000000000476,-0.0017700000000000476,-0.0017700000000000476,-0.0017700000000000476,0.0,0.0,0.0011160714285714285,1,9
intelligence_score,HIGHER,87.0879,1,0,1,0.0,-0.001969000000000108,-0.001969000000000108,-0.001969000000000108,-0.001969000000000108,-0.001969000000000108,0.0,0.0,0.0011160714285714285,1,9
composite_market_score,HIGHER,95.36278999999999,1,0,1,0.0,-0.001969000000000108,-0.001969000000000108,-0.001969000000000108,-0.001969000000000108,-0.001969000000000108,0.0,0.0,0.0011160714285714285,1,9
minimum_component_score,HIGHER,84.26,4,0,4,0.0,-0.0014830000000000104,-0.005932000000000041,-0.0018219999999999886,-0.0004340000000000437,-0.0018540000000000206,0.0,0.0,0.004464285714285714,1,9
liquidity_score,HIGHER,100.0,9,0,9,0.0,-0.0018506666666666903,-0.016656000000000212,-0.0018530000000001028,-0.001668000000000001,-0.001980000000000091,0.0,0.0,0.010044642857142858,1,9
volume_score,HIGHER,100.0,9,0,9,0.0,-0.0018831111111111054,-0.01694799999999995,-0.0018899999999999455,-0.0017700000000000476,-0.001969000000000108,0.0,0.0,0.010044642857142858,1,9
intelligence_score,HIGHER,84.65216842105262,11,0,11,0.0,-0.0017759999999999978,-0.019535999999999977,-0.0019340000000001006,-0.0004340000000000437,-0.0020139999999999585,0.0,0.0,0.012276785714285714,1,9
score_dispersion,LOWER,1.2875185435557812,1,0,1,0.0,-0.022499000000000047,-0.022499000000000047,-0.022499000000000047,-0.022499000000000047,-0.022499000000000047,0.0,0.0,0.0011160714285714285,1,9
maximum_component_score,HIGHER,100.0,18,0,18,0.0,-0.001866888888888898,-0.03360400000000016,-0.0018859999999999415,-0.001668000000000001,-0.001980000000000091,0.0,0.0,0.020089285714285716,1,9
minimum_component_score,HIGHER,83.31863157894738,18,0,18,0.0,-0.0020817777777777675,-0.03747199999999981,-0.0019025000000000274,-0.0004340000000000437,-0.006569999999999963,0.0,0.0,0.020089285714285716,1,9
intelligence_score,HIGHER,83.24107894736842,22,0,22,0.0,-0.002095454545454545,-0.04609999999999999,-0.0019195000000000722,-0.0004340000000000437,-0.006569999999999963,0.0,0.0,0.024553571428571428,1,9
minimum_component_score,HIGHER,82.19068421052631,26,0,26,0.0,-0.002289346153846152,-0.05952299999999995,-0.0019620000000000175,-0.0004340000000000437,-0.007114999999999981,0.0,0.0,0.029017857142857144,1,9
intelligence_score,HIGHER,81.43147368421052,32,0,32,0.0,-0.002243500000000004,-0.07179200000000013,-0.0019745000000000994,-0.0004340000000000437,-0.007114999999999981,0.0,0.0,0.03571428571428571,1,9
minimum_component_score,HIGHER,80.52163684210527,34,0,34,0.0,-0.0022209999999999973,-0.07551399999999991,-0.001944500000000014,-0.0004340000000000437,-0.007114999999999981,0.0,0.0,0.03794642857142857,1,9
market_score,HIGHER,94.65842105263157,47,0,47,0.0,-0.0019422553191489388,-0.09128600000000012,-0.0019379999999999935,-0.0004340000000000437,-0.0025049999999999777,0.0,0.0,0.052455357142857144,1,9
minimum_component_score,HIGHER,79.22977368421053,42,0,42,0.0,-0.0022291190476190436,-0.09362299999999983,-0.0019620000000000175,-0.0004340000000000437,-0.007114999999999981,0.0,0.0,0.046875,1,9
intelligence_score,HIGHER,80.24316315789474,43,0,43,0.0,-0.0022364186046511633,-0.09616600000000002,-0.001988000000000099,-0.0004340000000000437,-0.007114999999999981,0.0,0.0,0.04799107142857143,1,9
composite_market_score,HIGHER,86.66397368421052,47,0,47,0.0,-0.0022304893617021274,-0.10483299999999998,-0.001980000000000091,-0.0004340000000000437,-0.007114999999999981,0.0,0.0,0.052455357142857144,1,9
pair_score,HIGHER,84.26,37,0,37,0.0,-0.0029186216216216167,-0.10798899999999982,-0.0022459999999999685,-0.0004340000000000437,-0.008006999999999985,0.0,0.0,0.041294642857142856,1,9
minimum_component_score,HIGHER,76.02757894736843,50,0,50,0.0,-0.0023406399999999945,-0.11703199999999972,-0.0019745000000000994,-0.0004340000000000437,-0.007114999999999981,0.0,0.0,0.05580357142857143,1,9
intelligence_score,HIGHER,79.32431052631578,53,0,53,0.0,-0.0022084905660377336,-0.11704999999999989,-0.001988000000000099,-0.0004340000000000437,-0.007114999999999981,0.0,0.0,0.05915178571428571,1,9
intelligence_score,HIGHER,77.93651052631579,64,0,64,0.0,-0.00229909375,-0.147142,-0.001991500000000033,-0.0004340000000000437,-0.0073360000000000074,0.0,0.0,0.07142857142857142,1,9
minimum_component_score,HIGHER,75.16587894736843,61,0,61,0.0,-0.0025143114754098304,-0.15337299999999965,-0.0020139999999999585,-0.0004340000000000437,-0.0073360000000000074,0.0,0.0,0.06808035714285714,1,9
liquidity_score,HIGHER,97.24421052631578,85,0,85,0.0,-0.0020180941176470633,-0.17153800000000038,-0.0019830000000000663,-0.0004340000000000437,-0.002611999999999946,0.0,0.0,0.09486607142857142,1,9
intelligence_score,HIGHER,76.93313157894737,74,0,74,0.0,-0.0023520135135135147,-0.1740490000000001,-0.0020019999999999465,-0.0004340000000000437,-0.0073360000000000074,0.0,0.0,0.08258928571428571,1,9
minimum_component_score,HIGHER,73.19947368421053,68,0,68,0.0,-0.0026496764705882295,-0.18017799999999962,-0.002130499999999978,-0.0004340000000000437,-0.0073360000000000074,0.0,0.0,0.07589285714285714,1,9
intelligence_score,HIGHER,75.65338421052631,85,0,85,0.0,-0.00238241176470588,-0.2025049999999998,-0.0020099999999999545,-0.0004340000000000437,-0.0073360000000000074,0.0,0.0,0.09486607142857142,1,9
volume_score,HIGHER,97.24684210526316,85,0,85,0.0,-0.00239645882352942,-0.2036990000000007,-0.002012000000000012,-0.0004340000000000437,-0.0073360000000000074,0.0,0.0,0.09486607142857142,1,9
minimum_component_score,HIGHER,71.40215789473685,77,0,77,0.0,-0.0027739740259740226,-0.21359599999999976,-0.0022309999999999813,-0.0004340000000000437,-0.0073360000000000074,0.0,0.0,0.0859375,1,9
composite_market_score,HIGHER,84.10706578947367,98,0,98,0.0,-0.0022182857142857165,-0.2173920000000002,-0.0019710000000000543,-0.0004340000000000437,-0.0073360000000000074,0.0,0.0,0.109375,1,9
intelligence_score,HIGHER,74.53074736842106,95,0,95,0.0,-0.002439210526315787,-0.2317249999999998,-0.0020139999999999585,-0.0004340000000000437,-0.0073360000000000074,0.0,0.0,0.10602678571428571,1,9
market_score,HIGHER,92.55684210526316,99,0,99,0.0,-0.0023806767676767693,-0.23568700000000015,-0.0019379999999999935,-0.0004340000000000437,-0.007114999999999981,0.0,0.0,0.11049107142857142,1,9
minimum_component_score,HIGHER,69.34631578947368,89,0,89,0.0,-0.002917898876404493,-0.2596929999999999,-0.0022379999999999605,-0.0004340000000000437,-0.008006999999999985,0.0,0.0,0.09933035714285714,1,9
intelligence_score,HIGHER,72.9417,106,0,106,0.0,-0.0025379905660377323,-0.2690269999999996,-0.002052500000000011,-0.0004340000000000437,-0.0073360000000000074,0.0,0.0,0.11830357142857142,1,9
liquidity_score,HIGHER,95.42684210526316,138,0,138,0.0,-0.002014326086956522,-0.27797700000000003,-0.0020019999999999465,-0.0004340000000000437,-0.002611999999999946,0.0,0.0,0.15401785714285715,1,9
maximum_component_score,HIGHER,97.87,123,0,123,0.0,-0.002300065040650413,-0.2829080000000008,-0.0020019999999999465,-0.0004340000000000437,-0.0073360000000000074,0.0,0.0,0.13727678571428573,1,9
minimum_component_score,HIGHER,64.89947368421053,98,0,98,0.0,-0.002980846938775509,-0.29212299999999986,-0.0022969999999999918,-0.0004340000000000437,-0.008006999999999985,0.0,0.0,0.109375,1,9
volume_score,HIGHER,95.45736842105262,135,0,135,0.0,-0.002273044444444454,-0.30686100000000127,-0.002013000000000041,-0.0004340000000000437,-0.0073360000000000074,0.0,0.0,0.15066964285714285,1,9
intelligence_score,HIGHER,71.76708947368421,116,0,116,0.0,-0.0026958448275862033,-0.3127179999999996,-0.0020944999999999974,-0.0004340000000000437,-0.0073360000000000074,0.0,0.0,0.12946428571428573,1,9
minimum_component_score,HIGHER,59.75421052631579,110,0,110,0.0,-0.0030154727272727272,-0.331702,-0.0022699999999999925,-0.0004340000000000437,-0.008472999999999951,0.0,0.0,0.12276785714285714,1,9
market_score,HIGHER,90.33315789473684,148,0,148,0.0,-0.0023160675675675743,-0.34277800000000097,-0.001976500000000046,-0.0004340000000000437,-0.007114999999999981,0.0,0.0,0.16517857142857142,1,9
composite_market_score,HIGHER,82.89349368421051,146,0,146,0.0,-0.0023541643835616466,-0.3437080000000004,-0.001987500000000029,-0.0004340000000000437,-0.0073360000000000074,0.0,0.0,0.16294642857142858,1,9
intelligence_score,HIGHER,70.60277368421053,127,0,127,0.0,-0.002880244094488186,-0.36579099999999964,-0.0021710000000000323,-0.0004340000000000437,-0.007916000000000032,0.0,0.0,0.14174107142857142,1,9
minimum_component_score,HIGHER,47.23736842105262,125,0,125,0.0,-0.0029877439999999983,-0.3734679999999998,-0.0021970000000000028,-0.0004340000000000437,-0.008472999999999951,0.0,0.0,0.13950892857142858,1,9
maximum_component_score,HIGHER,96.34,168,0,168,0.0,-0.002237410714285721,-0.3758850000000011,-0.0020209999999999933,-0.0004340000000000437,-0.0073360000000000074,0.0,0.0,0.1875,1,9
score_dispersion,LOWER,4.643839406729698,47,0,47,0.0,-0.008593021276595739,-0.40387199999999973,-0.003670999999999978,-0.0014259999999999256,-0.026703000000000032,0.0,0.0,0.052455357142857144,1,9
intelligence_score,HIGHER,70.02214210526316,137,0,137,0.0,-0.002956131386861313,-0.40498999999999985,-0.002175999999999954,-0.0004340000000000437,-0.008006999999999985,0.0,0.0,0.15290178571428573,1,9
liquidity_score,HIGHER,93.36947368421052,184,0,184,0.0,-0.002400152173913042,-0.4416279999999997,-0.0020085000000000224,-0.0004340000000000437,-0.031776000000000026,0.0,0.0,0.20535714285714285,1,9
volume_score,HIGHER,93.87052631578948,183,0,183,0.0,-0.0024193387978142153,-0.44273900000000144,-0.0020369999999999538,-0.0004340000000000437,-0.0073360000000000074,0.0,0.0,0.20424107142857142,1,9
market_score,HIGHER,88.40736842105264,199,0,199,0.0,-0.0023352462311557846,-0.4647140000000012,-0.0020059999999999505,-0.0004340000000000437,-0.007114999999999981,0.0,0.0,0.22209821428571427,1,9
minimum_component_score,HIGHER,40.78894736842105,132,0,132,0.0,-0.0035441136363636347,-0.46782299999999977,-0.0022419999999999645,-0.0004340000000000437,-0.021935999999999956,0.0,0.0,0.14732142857142858,1,9
intelligence_score,HIGHER,53.355000000000004,148,0,148,0.0,-0.0031896081081081067,-0.4720619999999998,-0.0022165000000000084,-0.0004340000000000437,-0.011800999999999949,0.0,0.0,0.16517857142857142,1,9
composite_market_score,HIGHER,80.7739352631579,196,0,196,0.0,-0.002433872448979596,-0.47703900000000077,-0.0020019999999999465,-0.0004340000000000437,-0.0073360000000000074,0.0,0.0,0.21875,1,9
maximum_component_score,HIGHER,95.15,220,0,220,0.0,-0.002280200000000005,-0.5016440000000011,-0.0020099999999999545,-0.0004340000000000437,-0.0073360000000000074,0.0,0.0,0.24553571428571427,1,9
minimum_component_score,HIGHER,36.43684210526316,145,0,145,0.0,-0.003564179310344825,-0.5168059999999997,-0.0022379999999999605,-0.0004340000000000437,-0.021935999999999956,0.0,0.0,0.16183035714285715,1,9
volume_score,HIGHER,91.76210526315789,233,0,233,0.0,-0.0024250000000000053,-0.5650250000000012,-0.0020449999999999618,-0.0004340000000000437,-0.0073360000000000074,0.0,0.0,0.26004464285714285,1,9
market_score,HIGHER,86.98210526315789,247,0,247,0.0,-0.0023003805668016246,-0.5681940000000013,-0.002036000000000036,-0.0004340000000000437,-0.007114999999999981,0.0,0.0,0.27566964285714285,1,9
intelligence_score,HIGHER,51.24568421052632,158,0,158,0.0,-0.0036115189873417715,-0.5706199999999999,-0.0022969999999999918,-0.0004340000000000437,-0.01704300000000003,0.0,0.0,0.17633928571428573,1,9
minimum_component_score,HIGHER,24.08473684210526,156,0,156,0.0,-0.0037482115384615358,-0.5847209999999996,-0.0022699999999999925,-0.0004340000000000437,-0.021935999999999956,0.0,0.0,0.17410714285714285,1,9
liquidity_score,HIGHER,91.62263157894738,235,0,235,0.0,-0.0024920553191489342,-0.5856329999999995,-0.0020099999999999545,-0.0004340000000000437,-0.031776000000000026,0.0,0.0,0.2622767857142857,1,9
composite_market_score,HIGHER,78.67426315789473,244,0,244,0.0,-0.0024345860655737733,-0.5940390000000006,-0.0020175000000000037,-0.0004340000000000437,-0.0073360000000000074,0.0,0.0,0.27232142857142855,1,9
score_dispersion,LOWER,5.583255588943701,94,0,94,0.0,-0.0064639893617021325,-0.6076150000000005,-0.0032535000000000185,-0.0014259999999999256,-0.026703000000000032,0.0,0.0,0.10491071428571429,1,9
maximum_component_score,HIGHER,93.85,259,0,259,0.0,-0.0024422277992278024,-0.6325370000000008,-0.002013000000000041,-0.0004340000000000437,-0.031776000000000026,0.0,0.0,0.2890625,1,9
intelligence_score,HIGHER,46.60759999999999,169,0,169,0.0,-0.003918307692307691,-0.6621939999999998,-0.0023210000000000158,-0.0004340000000000437,-0.021935999999999956,0.0,0.0,0.18861607142857142,1,9
liquidity_score,HIGHER,89.85315789473684,284,0,284,0.0,-0.0024505880281690154,-0.6959670000000003,-0.0020109999999999833,-0.0004340000000000437,-0.031776000000000026,0.0,0.0,0.3169642857142857,1,9
volume_score,HIGHER,89.27684210526316,281,0,281,0.0,-0.0025427330960854128,-0.714508000000001,-0.0020550000000000273,-0.0004340000000000437,-0.008535999999999986,0.0,0.0,0.31361607142857145,1,9
market_score,HIGHER,85.55052631578947,297,0,297,0.0,-0.0024060168350168386,-0.7145870000000011,-0.002052000000000052,-0.0004340000000000437,-0.0073360000000000074,0.0,0.0,0.3314732142857143,1,9
composite_market_score,HIGHER,77.25790947368422,291,0,291,0.0,-0.002465395189003439,-0.7174300000000008,-0.0020550000000000273,-0.0004340000000000437,-0.0073360000000000074,0.0,0.0,0.3247767857142857,1,9
maximum_component_score,HIGHER,92.59,309,0,309,0.0,-0.0024815760517799368,-0.7668070000000005,-0.0020310000000000033,-0.0004340000000000437,-0.031776000000000026,0.0,0.0,0.34486607142857145,1,9
minimum_component_score,HIGHER,16.417894736842104,169,0,169,0.0,-0.004638940828402366,-0.7839809999999998,-0.0024089999999999927,-0.0004340000000000437,-0.103881,0.0,0.0,0.18861607142857142,1,9
intelligence_score,HIGHER,34.49810526315789,179,0,179,0.0,-0.004442061452513965,-0.7951289999999999,-0.0024819999999999825,-0.0004340000000000437,-0.04149899999999995,0.0,0.0,0.19977678571428573,1,9
liquidity_score,HIGHER,87.61684210526316,334,0,334,0.0,-0.002484113772455091,-0.8296940000000004,-0.0020399999999999845,-0.0004340000000000437,-0.031776000000000026,0.0,0.0,0.37276785714285715,1,9
market_score,HIGHER,83.43894736842105,350,0,350,0.0,-0.002448700000000003,-0.8570450000000011,-0.002085999999999975,-0.0004340000000000437,-0.0073360000000000074,0.0,0.0,0.390625,1,9
composite_market_score,HIGHER,76.18160368421051,338,0,338,0.0,-0.002547331360946748,-0.8609980000000008,-0.002087999999999977,-0.0004340000000000437,-0.0073360000000000074,0.0,0.0,0.37723214285714285,1,9
volume_score,HIGHER,87.35315789473684,325,0,325,0.0,-0.0026645938461538495,-0.8659930000000011,-0.0020850000000000018,-0.0004340000000000437,-0.01042900000000002,0.0,0.0,0.3627232142857143,1,9
maximum_component_score,HIGHER,90.83,349,0,349,0.0,-0.0025082951289398295,-0.8753950000000005,-0.0020449999999999618,-0.0004340000000000437,-0.031776000000000026,0.0,0.0,0.38950892857142855,1,9
score_dispersion,LOWER,8.035313332762176,140,0,140,0.0,-0.006398042857142859,-0.8957260000000002,-0.0031920000000000264,-0.0004340000000000437,-0.026703000000000032,0.0,0.0,0.15625,1,9
minimum_component_score,HIGHER,11.252105263157894,179,0,179,0.0,-0.005130530726256982,-0.9183649999999998,-0.0025049999999999777,-0.0004340000000000437,-0.103881,0.0,0.0,0.19977678571428573,1,9
liquidity_score,HIGHER,85.84947368421051,384,0,384,0.0,-0.002519140625,-0.96735,-0.0020529999999999698,-0.0004340000000000437,-0.031776000000000026,0.0,0.0,0.42857142857142855,1,9
composite_market_score,HIGHER,74.7155,385,0,385,0.0,-0.0026250077922077937,-1.0106280000000005,-0.0021029999999999643,-0.0004340000000000437,-0.008006999999999985,0.0,0.0,0.4296875,1,9
market_score,HIGHER,81.99736842105263,398,0,398,0.0,-0.00257432663316583,-1.0245820000000003,-0.0021005000000000034,-0.0004340000000000437,-0.008535999999999986,0.0,0.0,0.44419642857142855,1,9
maximum_component_score,HIGHER,89.02,393,0,393,0.0,-0.0026553231552162862,-1.0435420000000004,-0.0020890000000000058,-0.0004340000000000437,-0.031776000000000026,0.0,0.0,0.43861607142857145,1,9
pair_score,HIGHER,83.08157894736843,365,0,365,0.0,-0.002897739726027398,-1.0576750000000001,-0.0022579999999999805,-0.0004340000000000437,-0.008187999999999971,0.0,0.0,0.40736607142857145,1,9
intelligence_score,HIGHER,33.10111578947369,190,0,190,0.0,-0.005586031578947368,-1.061346,-0.002598000000000043,-0.0004340000000000437,-0.103881,0.0,0.0,0.21205357142857142,1,9
volume_score,HIGHER,85.31157894736842,375,0,375,0.0,-0.002844368000000003,-1.066638000000001,-0.0021139999999999475,-0.0004340000000000437,-0.011977000000000014,0.0,0.0,0.4185267857142857,1,9
minimum_component_score,HIGHER,7.931052631578948,191,0,191,0.0,-0.0056383193717277486,-1.076919,-0.0026270000000000442,-0.0004340000000000437,-0.103881,0.0,0.0,0.21316964285714285,1,9
liquidity_score,HIGHER,83.34842105263158,431,0,431,0.0,-0.0026320974477958233,-1.134434,-0.0020980000000000425,-0.0004340000000000437,-0.031776000000000026,0.0,0.0,0.4810267857142857,1,9
market_score,HIGHER,79.71368421052631,448,0,448,0.0,-0.002537167410714285,-1.1366509999999996,-0.002085999999999975,-0.0004340000000000437,-0.008535999999999986,0.0,0.0,0.5,1,9
pair_score,HIGHER,81.54157894736842,382,0,382,0.0,-0.003007492146596859,-1.148862,-0.0022709999999999658,-0.0004340000000000437,-0.019782999999999995,0.0,0.0,0.4263392857142857,1,9
composite_market_score,HIGHER,73.5633947368421,431,0,431,0.0,-0.002717589327146173,-1.1712810000000005,-0.002164000000000053,-0.0004340000000000437,-0.008535999999999986,0.0,0.0,0.4810267857142857,1,9
maximum_component_score,HIGHER,87.65,436,0,436,0.0,-0.0026968394495412856,-1.1758220000000006,-0.0020980000000000425,-0.0004340000000000437,-0.031776000000000026,0.0,0.0,0.48660714285714285,1,9
pair_score,HIGHER,79.13736842105263,401,0,401,0.0,-0.0030626807980049875,-1.228135,-0.0022830000000000333,-0.0004340000000000437,-0.019782999999999995,0.0,0.0,0.44754464285714285,1,9
volume_score,HIGHER,83.27736842105264,426,0,426,0.0,-0.002896528169014087,-1.233921000000001,-0.0021550000000000163,-0.0004340000000000437,-0.011977000000000014,0.0,0.0,0.47544642857142855,1,9
composite_market_score,HIGHER,71.33546842105264,478,0,478,0.0,-0.002696836820083682,-1.289088,-0.0021499999999999835,-0.0004340000000000437,-0.008535999999999986,0.0,0.0,0.5334821428571429,1,9
market_score,HIGHER,77.12526315789472,492,0,492,0.0,-0.002663424796747967,-1.3104049999999996,-0.0021325000000000354,-0.0004340000000000437,-0.008535999999999986,0.0,0.0,0.5491071428571429,1,9
pair_score,HIGHER,77.23526315789474,433,0,433,0.0,-0.0031298429561200927,-1.3552220000000001,-0.0022990000000000493,-0.0004340000000000437,-0.019782999999999995,0.0,0.0,0.48325892857142855,1,9
liquidity_score,HIGHER,80.41842105263159,481,0,481,0.0,-0.002826286902286901,-1.3594439999999994,-0.0021609999999999668,-0.0004340000000000437,-0.031776000000000026,0.0,0.0,0.5368303571428571,1,9
maximum_component_score,HIGHER,86.15,485,0,485,0.0,-0.0028320948453608255,-1.3735660000000003,-0.0021489999999999548,-0.0004340000000000437,-0.031776000000000026,0.0,0.0,0.5412946428571429,1,9
score_dispersion,LOWER,10.705523041785716,187,1,186,0.53475935828877,-0.007410379679144388,-1.3857410000000006,-0.0040569999999999756,0.025919000000000025,-0.04163499999999998,0.0053475935828877,1.0,0.20758928571428573,1,9
volume_score,HIGHER,80.38894736842104,477,0,477,0.0,-0.002977027253668765,-1.420042000000001,-0.0021710000000000323,-0.0004340000000000437,-0.01704300000000003,0.0,0.0,0.5323660714285714,1,9
composite_market_score,HIGHER,69.3143947368421,524,0,524,0.0,-0.0027265591603053427,-1.4287169999999996,-0.00216250000000001,-0.0004340000000000437,-0.008535999999999986,0.0,0.0,0.5848214285714286,1,9
pair_score,HIGHER,75.47526315789473,453,0,453,0.0,-0.003217291390728476,-1.4574329999999998,-0.0023210000000000158,-0.0004340000000000437,-0.019782999999999995,0.0,0.0,0.5055803571428571,1,9
market_score,HIGHER,75.49315789473684,538,0,538,0.0,-0.0028118959107806684,-1.5127999999999995,-0.0021710000000000323,-0.0004340000000000437,-0.01042900000000002,0.0,0.0,0.6004464285714286,1,9
liquidity_score,HIGHER,77.38473684210527,528,0,528,0.0,-0.0029159791666666652,-1.5396369999999993,-0.0021749999999999808,-0.0004340000000000437,-0.031776000000000026,0.0,0.0,0.5892857142857143,1,9
maximum_component_score,HIGHER,84.24,530,0,530,0.0,-0.0029758452830188687,-1.5771980000000003,-0.0021729999999999788,-0.0004340000000000437,-0.031776000000000026,0.0,0.0,0.5915178571428571,1,9
pair_score,HIGHER,72.69684210526317,477,0,477,0.0,-0.003365591194968553,-1.6053869999999997,-0.0023649999999999487,-0.0004340000000000437,-0.031776000000000026,0.0,0.0,0.5323660714285714,1,9
volume_score,HIGHER,76.84684210526316,525,0,525,0.0,-0.003137841904761906,-1.6473670000000007,-0.0021929999999999988,-0.0004340000000000437,-0.021662999999999988,0.0,0.0,0.5859375,1,9
composite_market_score,HIGHER,67.66928947368422,571,0,571,0.0,-0.0029132154115586685,-1.6634459999999998,-0.00219199999999997,-0.0004340000000000437,-0.008535999999999986,0.0,0.0,0.6372767857142857,1,9
pair_score,HIGHER,68.78,496,0,496,0.0,-0.0033987419354838708,-1.685776,-0.002368499999999994,-0.0004340000000000437,-0.031776000000000026,0.0,0.0,0.5535714285714286,1,9
liquidity_score,HIGHER,73.86526315789472,577,0,577,0.0,-0.00298030329289428,-1.7196349999999996,-0.0022020000000000355,-0.0004340000000000437,-0.031776000000000026,0.0,0.0,0.6439732142857143,1,9
market_score,HIGHER,73.41105263157895,591,0,591,0.0,-0.0029950862944162437,-1.770096,-0.0022020000000000355,-0.0004340000000000437,-0.011977000000000014,0.0,0.0,0.6595982142857143,1,9
volume_score,HIGHER,72.59157894736842,571,0,571,0.0,-0.003176493870402803,-1.8137780000000006,-0.0022020000000000355,-0.0004340000000000437,-0.02176699999999998,0.0,0.0,0.6372767857142857,1,9
composite_market_score,HIGHER,63.17002631578947,617,0,617,0.0,-0.0030431734197730958,-1.8776380000000001,-0.0022290000000000348,-0.0004340000000000437,-0.011977000000000014,0.0,0.0,0.6886160714285714,1,9
pair_score,HIGHER,65.73105263157895,527,0,527,0.0,-0.003577455407969639,-1.885319,-0.0024370000000000207,-0.0004340000000000437,-0.031776000000000026,0.0,0.0,0.5881696428571429,1,9
liquidity_score,HIGHER,68.33842105263156,620,0,620,0.0,-0.0031321564516129025,-1.9419369999999996,-0.0022375000000000016,-0.0004340000000000437,-0.031776000000000026,0.0,0.0,0.6919642857142857,1,9
market_score,HIGHER,67.8,637,0,637,0.0,-0.0030772794348508633,-1.960227,-0.0022459999999999685,-0.0004340000000000437,-0.011977000000000014,0.0,0.0,0.7109375,1,9
volume_score,HIGHER,68.0421052631579,614,0,614,0.0,-0.003298467426710098,-2.025259,-0.002230000000000008,-0.0004340000000000437,-0.023998999999999993,0.0,0.0,0.6852678571428571,1,9
maximum_component_score,HIGHER,82.32,634,0,634,0.0,-0.0032135662460567823,-2.037401,-0.0022389999999999893,-0.0004340000000000437,-0.031776000000000026,0.0,0.0,0.7075892857142857,1,9
pair_score,HIGHER,61.517894736842095,550,0,550,0.0,-0.003723445454545454,-2.0478949999999996,-0.002446499999999961,-0.0004340000000000437,-0.031776000000000026,0.0,0.0,0.6138392857142857,1,9
liquidity_score,HIGHER,62.40210526315789,663,0,663,0.0,-0.0032449728506787324,-2.1514169999999995,-0.0022830000000000333,-0.0004340000000000437,-0.031776000000000026,0.0,0.0,0.7399553571428571,1,9
composite_market_score,HIGHER,52.72765789473685,664,0,664,0.0,-0.003266560240963855,-2.168996,-0.002287999999999955,-0.0004340000000000437,-0.031776000000000026,0.0,0.0,0.7410714285714286,1,9
score_dispersion,LOWER,13.085291762023255,233,1,232,0.4291845493562232,-0.009357309012875537,-2.180253,-0.005878000000000048,0.025919000000000025,-0.18618199999999996,0.004291845493562232,1.0,0.25892857142857145,1,9
maximum_component_score,HIGHER,78.66,673,0,673,0.0,-0.0033565408618127786,-2.258952,-0.0022940000000000165,-0.0004340000000000437,-0.031776000000000026,0.0,0.0,0.7511160714285714,1,9
volume_score,HIGHER,60.169999999999995,660,0,660,0.0,-0.003449369696969697,-2.276584,-0.0022940000000000165,-0.0004340000000000437,-0.023998999999999993,0.0,0.0,0.7366071428571429,1,9
pair_score,HIGHER,57.08736842105263,578,0,578,0.0,-0.003946186851211072,-2.280896,-0.0024330000000000167,-0.0004340000000000437,-0.103881,0.0,0.0,0.6450892857142857,1,9
market_score,HIGHER,55.10157894736842,680,0,680,0.0,-0.0033561499999999996,-2.2821819999999997,-0.0023009999999999958,-0.0004340000000000437,-0.031776000000000026,0.0,0.0,0.7589285714285714,1,9
pair_score,HIGHER,51.62842105263158,600,0,600,0.0,-0.003967981666666666,-2.3807889999999996,-0.0024469999999999752,-0.0004340000000000437,-0.103881,0.0,0.0,0.6696428571428571,1,9
liquidity_score,HIGHER,46.93631578947368,704,0,704,0.0,-0.003451113636363636,-2.4295839999999997,-0.002317999999999985,-0.0004340000000000437,-0.031776000000000026,0.0,0.0,0.7857142857142857,1,9
maximum_component_score,HIGHER,69.39,703,0,703,0.0,-0.003591335704125177,-2.5247089999999996,-0.0023210000000000158,-0.0004340000000000437,-0.031776000000000026,0.0,0.0,0.7845982142857143,1,9
composite_market_score,HIGHER,45.00573052631579,710,0,710,0.0,-0.003572299999999999,-2.5363329999999995,-0.0023369999999999762,-0.0004340000000000437,-0.031776000000000026,0.0,0.0,0.7924107142857143,1,9
pair_score,HIGHER,47.27578947368421,642,0,642,0.0,-0.004047169781931463,-2.5982829999999995,-0.002419500000000017,-0.0004340000000000437,-0.103881,0.0,0.0,0.7165178571428571,1,9
market_score,HIGHER,41.83157894736841,722,0,722,0.0,-0.003684336565096952,-2.6600909999999995,-0.002363499999999961,-0.0004340000000000437,-0.031776000000000026,0.0,0.0,0.8058035714285714,1,9
volume_score,HIGHER,49.07578947368421,702,0,702,0.0,-0.003862504273504273,-2.7114779999999996,-0.0023449999999999842,-0.0004340000000000437,-0.04149899999999995,0.0,0.0,0.7834821428571429,1,9
pair_score,HIGHER,41.130526315789474,675,0,675,0.0,-0.004181225185185184,-2.8223269999999996,-0.0024370000000000207,-0.0004340000000000437,-0.103881,0.0,0.0,0.7533482142857143,1,9
maximum_component_score,HIGHER,61.42,732,0,732,0.0,-0.0038672814207650267,-2.8308499999999994,-0.002375499999999973,-0.0004340000000000437,-0.031776000000000026,0.0,0.0,0.8169642857142857,1,9
score_dispersion,LOWER,17.337107564233506,280,1,279,0.35714285714285715,-0.010802057142857143,-3.024576,-0.006708500000000004,0.025919000000000025,-0.20155100000000004,0.0035714285714285713,1.0,0.31138392857142855,1,9
pair_score,HIGHER,36.491578947368424,715,0,715,0.0,-0.004276183216783217,-3.0574709999999996,-0.0024229999999999512,-0.0004340000000000437,-0.103881,0.0,0.0,0.7979910714285714,1,9
volume_score,HIGHER,35.484210526315785,740,0,740,0.0,-0.00424116081081081,-3.138458999999999,-0.0024120000000000235,-0.0004340000000000437,-0.04149899999999995,0.0,0.0,0.8258928571428571,1,9
composite_market_score,HIGHER,29.818342105263156,757,0,757,0.0,-0.00416756142668428,-3.1548439999999998,-0.0024220000000000335,-0.0004340000000000437,-0.103881,0.0,0.0,0.8448660714285714,1,9
liquidity_score,HIGHER,33.6621052631579,742,0,742,0.0,-0.004283264150943396,-3.1781819999999996,-0.0023859999999999975,-0.0004340000000000437,-0.20155100000000004,0.0,0.0,0.828125,1,9
market_score,HIGHER,29.836315789473684,766,0,766,0.0,-0.004200616187989556,-3.217672,-0.0024385000000000084,-0.0004340000000000437,-0.04149899999999995,0.0,0.0,0.8549107142857143,1,9
maximum_component_score,HIGHER,52.42,762,0,762,0.0,-0.004241776902887138,-3.2322339999999996,-0.0024330000000000167,-0.0004340000000000437,-0.103881,0.0,0.0,0.8504464285714286,1,9
pair_score,HIGHER,32.20263157894736,737,0,737,0.0,-0.004433750339213025,-3.2676739999999995,-0.0024170000000000007,-0.0004340000000000437,-0.103881,0.0,0.0,0.8225446428571429,1,9
score_dispersion,LOWER,23.25571129258143,326,1,325,0.3067484662576687,-0.010367263803680983,-3.3797280000000005,-0.006658000000000051,0.025919000000000025,-0.20155100000000004,0.003067484662576687,1.0,0.3627232142857143,1,9
pair_score,HIGHER,28.371578947368423,760,0,760,0.0,-0.004671806578947368,-3.5505729999999995,-0.0024625000000000324,-0.0004340000000000437,-0.103881,0.0,0.0,0.8482142857142857,1,9
liquidity_score,HIGHER,23.616315789473685,781,0,781,0.0,-0.004641952624839948,-3.625365,-0.002472000000000028,-0.0004340000000000437,-0.20155100000000004,0.0,0.0,0.8716517857142857,1,9
maximum_component_score,HIGHER,39.7,798,0,798,0.0,-0.0046762042606516285,-3.7316109999999996,-0.002507499999999994,-0.0004340000000000437,-0.103881,0.0,0.0,0.890625,1,9
volume_score,HIGHER,24.9,780,0,780,0.0,-0.004795402564102563,-3.740413999999999,-0.0024929999999999657,-0.0004340000000000437,-0.103881,0.0,0.0,0.8705357142857143,1,9
score_dispersion,LOWER,27.559976503802723,373,1,372,0.2680965147453083,-0.010265163538873995,-3.828906,-0.006678999999999989,0.025919000000000025,-0.20155100000000004,0.002680965147453083,1.0,0.41517857142857145,1,9
composite_market_score,HIGHER,19.48015789473684,803,0,803,0.0,-0.004814366127023661,-3.8659359999999996,-0.0025140000000000145,-0.0004340000000000437,-0.103881,0.0,0.0,0.8962053571428571,1,9
pair_score,HIGHER,17.658947368421043,799,0,799,0.0,-0.004956481852315394,-3.9602289999999996,-0.0025579999999999475,-0.0004340000000000437,-0.103881,0.0,0.0,0.8917410714285714,1,9
score_dispersion,LOWER,30.21518931523346,419,1,418,0.23866348448687352,-0.009767307875894988,-4.092502,-0.006610000000000003,0.025919000000000025,-0.20155100000000004,0.002386634844868735,1.0,0.46651785714285715,1,9
market_score,HIGHER,20.373157894736842,810,0,810,0.0,-0.005103704938271604,-4.134001,-0.0025494999999999806,-0.0004340000000000437,-0.18618199999999996,0.0,0.0,0.9040178571428571,1,9
volume_score,HIGHER,14.632105263157893,819,1,818,0.1221001221001221,-0.005169354090354089,-4.233700999999999,-0.0025579999999999475,0.025919000000000025,-0.103881,0.001221001221001221,1.0,0.9129464285714286,1,9
liquidity_score,HIGHER,15.31263157894737,819,1,818,0.1221001221001221,-0.00520070818070818,-4.259379999999999,-0.0025629999999999802,0.025919000000000025,-0.20155100000000004,0.001221001221001221,1.0,0.9129464285714286,1,9
score_dispersion,LOWER,31.192564116736712,466,1,465,0.2145922746781116,-0.009270849785407726,-4.320216,-0.0062785000000000184,0.025919000000000025,-0.20155100000000004,0.002145922746781116,1.0,0.5189732142857143,1,9
pair_score,HIGHER,10.745263157894737,834,0,834,0.0,-0.00525508273381295,-4.382739,-0.0026545000000000023,-0.0004340000000000437,-0.103881,0.0,0.0,0.9308035714285714,1,9
score_dispersion,LOWER,32.20941557327495,512,1,511,0.1953125,-0.008814130859375,-4.512835,-0.0059224999999999955,0.025919000000000025,-0.20155100000000004,0.001953125,1.0,0.5703125,1,9
maximum_component_score,HIGHER,30.88,830,0,830,0.0,-0.005559880722891566,-4.614700999999999,-0.002607499999999983,-0.0004340000000000437,-0.20155100000000004,0.0,0.0,0.9263392857142857,1,9
score_dispersion,LOWER,32.87648467654109,559,1,558,0.17889087656529518,-0.00830063327370304,-4.640053999999999,-0.005391999999999951,0.025919000000000025,-0.20155100000000004,0.0017889087656529517,1.0,0.6227678571428571,1,9
score_dispersion,LOWER,33.732963761787495,605,1,604,0.1652892561983471,-0.007905537190082643,-4.782849999999999,-0.004925999999999984,0.025919000000000025,-0.20155100000000004,0.001652892561983471,1.0,0.6741071428571429,1,9
composite_market_score,HIGHER,13.504657894736841,850,1,849,0.1176470588235294,-0.005713536470588235,-4.8565059999999995,-0.0026585000000000063,0.025919000000000025,-0.20155100000000004,0.001176470588235294,1.0,0.9475446428571429,1,9
volume_score,HIGHER,6.302631578947367,857,1,856,0.11668611435239205,-0.005701397899649941,-4.886098,-0.0026610000000000227,0.025919000000000025,-0.18618199999999996,0.0011668611435239206,1.0,0.9553571428571429,1,9
market_score,HIGHER,14.15578947368421,854,1,853,0.117096018735363,-0.005768733021077283,-4.926498,-0.0026625000000000103,0.025919000000000025,-0.20155100000000004,0.00117096018735363,1.0,0.9520089285714286,1,9
score_dispersion,LOWER,34.65028108596701,652,1,651,0.15337423312883436,-0.007560308282208587,-4.929320999999999,-0.004283000000000035,0.025919000000000025,-0.20155100000000004,0.0015337423312883436,1.0,0.7265625,1,9
liquidity_score,HIGHER,7.828947368421051,858,1,857,0.11655011655011654,-0.005757648018648019,-4.940062,-0.0026725000000000203,0.025919000000000025,-0.20155100000000004,0.0011655011655011655,1.0,0.9564732142857143,1,9
score_dispersion,LOWER,35.27313517050119,700,1,699,0.14285714285714285,-0.007217258571428571,-5.052080999999999,-0.0038429999999999836,0.025919000000000025,-0.20155100000000004,0.0014285714285714286,1.0,0.7801339285714286,1,9
maximum_component_score,HIGHER,22.1,865,1,864,0.11560693641618498,-0.0058848416184971095,-5.090388,-0.002686999999999993,0.025919000000000025,-0.20155100000000004,0.0011560693641618498,1.0,0.9642857142857143,1,9
score_dispersion,LOWER,36.015284411409446,748,1,747,0.1336898395721925,-0.00694741844919786,-5.196668999999999,-0.003576999999999995,0.025919000000000025,-0.20155100000000004,0.001336898395721925,1.0,0.8337053571428571,1,9
score_dispersion,LOWER,36.87059157901564,797,1,796,0.12547051442910914,-0.006735493099121705,-5.368187999999999,-0.0032459999999999694,0.025919000000000025,-0.20155100000000004,0.0012547051442910915,1.0,0.8883928571428571,1,9
score_dispersion,LOWER,37.73354623873746,846,1,845,0.1182033096926714,-0.0064671784869976354,-5.471233,-0.0029965000000000113,0.025919000000000025,-0.20155100000000004,0.001182033096926714,1.0,0.9430803571428571,1,9
market_score,HIGHER,1.87,897,1,896,0.11148272017837235,-0.006218277591973244,-5.577795,-0.0027770000000000277,0.025919000000000025,-0.20155100000000004,0.0011148272017837235,1.0,1.0,1,9
liquidity_score,HIGHER,0.0,897,1,896,0.11148272017837235,-0.006218277591973244,-5.577795,-0.0027770000000000277,0.025919000000000025,-0.20155100000000004,0.0011148272017837235,1.0,1.0,1,9
volume_score,HIGHER,0.0,897,1,896,0.11148272017837235,-0.006218277591973244,-5.577795,-0.0027770000000000277,0.025919000000000025,-0.20155100000000004,0.0011148272017837235,1.0,1.0,1,9
pair_score,HIGHER,0.0,897,1,896,0.11148272017837235,-0.006218277591973244,-5.577795,-0.0027770000000000277,0.025919000000000025,-0.20155100000000004,0.0011148272017837235,1.0,1.0,1,9
intelligence_score,HIGHER,0.0,897,1,896,0.11148272017837235,-0.006218277591973244,-5.577795,-0.0027770000000000277,0.025919000000000025,-0.20155100000000004,0.0011148272017837235,1.0,1.0,1,9
composite_market_score,HIGHER,1.581,897,1,896,0.11148272017837235,-0.006218277591973244,-5.577795,-0.0027770000000000277,0.025919000000000025,-0.20155100000000004,0.0011148272017837235,1.0,1.0,1,9
minimum_component_score,HIGHER,0.0,897,1,896,0.11148272017837235,-0.006218277591973244,-5.577795,-0.0027770000000000277,0.025919000000000025,-0.20155100000000004,0.0011148272017837235,1.0,1.0,1,9
maximum_component_score,HIGHER,3.4,897,1,896,0.11148272017837235,-0.006218277591973244,-5.577795,-0.0027770000000000277,0.025919000000000025,-0.20155100000000004,0.0011148272017837235,1.0,1.0,1,9
score_dispersion,LOWER,42.693052174797714,897,1,896,0.11148272017837235,-0.006218277591973244,-5.577795,-0.0027770000000000277,0.025919000000000025,-0.20155100000000004,0.0011148272017837235,1.0,1.0,1,9
cost_bps,LOWER,20.0,897,1,896,0.11148272017837235,-0.006218277591973244,-5.577795,-0.0027770000000000277,0.025919000000000025,-0.20155100000000004,0.0011148272017837235,1.0,1.0,1,9
estimated_cost_usd,LOWER,0.002,897,1,896,0.11148272017837235,-0.006218277591973244,-5.577795,-0.0027770000000000277,0.025919000000000025,-0.20155100000000004,0.0011148272017837235,1.0,1.0,1,9
